/*
 Navicat Premium Data Transfer

 Source Server         : all web 2
 Source Server Type    : MySQL
 Source Server Version : 50735 (5.7.35)
 Source Host           : localhost:3306
 Source Schema         : banjar24_app_eolahraga_dispora

 Target Server Type    : MySQL
 Target Server Version : 50735 (5.7.35)
 File Encoding         : 65001

 Date: 12/10/2022 09:29:10
*/

SET NAMES utf8mb4;
SET FOREIGN_KEY_CHECKS = 0;

-- ----------------------------
-- Table structure for tAtlet
-- ----------------------------
DROP TABLE IF EXISTS `tAtlet`;
CREATE TABLE `tAtlet` (
  `idAtlet` int(11) unsigned NOT NULL AUTO_INCREMENT,
  `idCabangOlahraga` int(11) NOT NULL,
  `idJenisOlahraga` int(11) NOT NULL,
  `idKecamatan` int(11) NOT NULL,
  `namaAtlet` varchar(200) NOT NULL DEFAULT '',
  `tempatLahirAtlet` varchar(100) NOT NULL DEFAULT '',
  `tglLahirAtlet` date NOT NULL,
  `alamatAtlet` varchar(200) NOT NULL DEFAULT '',
  `jenisKelaminAtlet` tinyint(4) NOT NULL,
  `telpAtlet` varchar(13) NOT NULL DEFAULT '',
  `tinggiBadanAtlet` int(11) NOT NULL,
  `beratBadanAtlet` int(11) NOT NULL,
  `spesialisAtlet` varchar(100) NOT NULL DEFAULT '',
  `potensialAtlet` tinyint(4) NOT NULL,
  `statusAtlet` tinyint(4) NOT NULL,
  `tglStatusAtlet` date NOT NULL,
  `fotoAtlet` varchar(100) NOT NULL DEFAULT '',
  `orderAtlet` int(11) NOT NULL,
  PRIMARY KEY (`idAtlet`)
) ENGINE=InnoDB AUTO_INCREMENT=231 DEFAULT CHARSET=latin1;

-- ----------------------------
-- Records of tAtlet
-- ----------------------------
BEGIN;
INSERT INTO `tAtlet` (`idAtlet`, `idCabangOlahraga`, `idJenisOlahraga`, `idKecamatan`, `namaAtlet`, `tempatLahirAtlet`, `tglLahirAtlet`, `alamatAtlet`, `jenisKelaminAtlet`, `telpAtlet`, `tinggiBadanAtlet`, `beratBadanAtlet`, `spesialisAtlet`, `potensialAtlet`, `statusAtlet`, `tglStatusAtlet`, `fotoAtlet`, `orderAtlet`) VALUES (1, 1, 1, 1, 'Salahuddin', 'Banjarmasin', '0000-00-00', '', 1, '051112345', 170, 70, '', 10, -2, '0000-00-00', '', 1);
INSERT INTO `tAtlet` (`idAtlet`, `idCabangOlahraga`, `idJenisOlahraga`, `idKecamatan`, `namaAtlet`, `tempatLahirAtlet`, `tglLahirAtlet`, `alamatAtlet`, `jenisKelaminAtlet`, `telpAtlet`, `tinggiBadanAtlet`, `beratBadanAtlet`, `spesialisAtlet`, `potensialAtlet`, `statusAtlet`, `tglStatusAtlet`, `fotoAtlet`, `orderAtlet`) VALUES (2, 1, 1, 1, 'Badaruddin', 'banjar', '2005-11-30', 'Jl Buntu', 0, '123', 171, 55, 'sprint', 0, -2, '0000-00-00', '', 2);
INSERT INTO `tAtlet` (`idAtlet`, `idCabangOlahraga`, `idJenisOlahraga`, `idKecamatan`, `namaAtlet`, `tempatLahirAtlet`, `tglLahirAtlet`, `alamatAtlet`, `jenisKelaminAtlet`, `telpAtlet`, `tinggiBadanAtlet`, `beratBadanAtlet`, `spesialisAtlet`, `potensialAtlet`, `statusAtlet`, `tglStatusAtlet`, `fotoAtlet`, `orderAtlet`) VALUES (3, 1, 2, 0, 'Ade Murtadho', 'xxx', '0000-00-00', 'xxx', 1, 'xxx', 0, 0, 'Ski Air/Weakboard', 0, 2, '0000-00-00', '', 1);
INSERT INTO `tAtlet` (`idAtlet`, `idCabangOlahraga`, `idJenisOlahraga`, `idKecamatan`, `namaAtlet`, `tempatLahirAtlet`, `tglLahirAtlet`, `alamatAtlet`, `jenisKelaminAtlet`, `telpAtlet`, `tinggiBadanAtlet`, `beratBadanAtlet`, `spesialisAtlet`, `potensialAtlet`, `statusAtlet`, `tglStatusAtlet`, `fotoAtlet`, `orderAtlet`) VALUES (4, 1, 2, 0, 'Sifa Rosadi', 'xxx', '0000-00-00', 'xxx', 1, 'xxx', 0, 0, 'Ski Air/Weakboard', 0, 2, '0000-00-00', '', 2);
INSERT INTO `tAtlet` (`idAtlet`, `idCabangOlahraga`, `idJenisOlahraga`, `idKecamatan`, `namaAtlet`, `tempatLahirAtlet`, `tglLahirAtlet`, `alamatAtlet`, `jenisKelaminAtlet`, `telpAtlet`, `tinggiBadanAtlet`, `beratBadanAtlet`, `spesialisAtlet`, `potensialAtlet`, `statusAtlet`, `tglStatusAtlet`, `fotoAtlet`, `orderAtlet`) VALUES (5, 1, 2, 0, 'Dina Nur Haliza', 'xxx', '0000-00-00', 'xxx', 2, 'xxx', 0, 0, 'Ski Air/Slalom', 0, 2, '0000-00-00', '', 3);
INSERT INTO `tAtlet` (`idAtlet`, `idCabangOlahraga`, `idJenisOlahraga`, `idKecamatan`, `namaAtlet`, `tempatLahirAtlet`, `tglLahirAtlet`, `alamatAtlet`, `jenisKelaminAtlet`, `telpAtlet`, `tinggiBadanAtlet`, `beratBadanAtlet`, `spesialisAtlet`, `potensialAtlet`, `statusAtlet`, `tglStatusAtlet`, `fotoAtlet`, `orderAtlet`) VALUES (6, 1, 2, 0, 'Riska', 'xxx', '0000-00-00', 'xxx', 2, 'xxx', 0, 0, 'Slalom/ Weakboard', 0, 2, '0000-00-00', '', 4);
INSERT INTO `tAtlet` (`idAtlet`, `idCabangOlahraga`, `idJenisOlahraga`, `idKecamatan`, `namaAtlet`, `tempatLahirAtlet`, `tglLahirAtlet`, `alamatAtlet`, `jenisKelaminAtlet`, `telpAtlet`, `tinggiBadanAtlet`, `beratBadanAtlet`, `spesialisAtlet`, `potensialAtlet`, `statusAtlet`, `tglStatusAtlet`, `fotoAtlet`, `orderAtlet`) VALUES (7, 1, 2, 0, 'M. Farhan', 'xxx', '0000-00-00', 'xxx', 1, 'xxx', 0, 0, 'Slalom,', 0, 2, '0000-00-00', '', 5);
INSERT INTO `tAtlet` (`idAtlet`, `idCabangOlahraga`, `idJenisOlahraga`, `idKecamatan`, `namaAtlet`, `tempatLahirAtlet`, `tglLahirAtlet`, `alamatAtlet`, `jenisKelaminAtlet`, `telpAtlet`, `tinggiBadanAtlet`, `beratBadanAtlet`, `spesialisAtlet`, `potensialAtlet`, `statusAtlet`, `tglStatusAtlet`, `fotoAtlet`, `orderAtlet`) VALUES (8, 1, 2, 0, 'Annida', 'xxx', '0000-00-00', 'xxx', 2, 'xxx', 0, 0, 'Slalom/Weakboard', 0, 2, '0000-00-00', '', 6);
INSERT INTO `tAtlet` (`idAtlet`, `idCabangOlahraga`, `idJenisOlahraga`, `idKecamatan`, `namaAtlet`, `tempatLahirAtlet`, `tglLahirAtlet`, `alamatAtlet`, `jenisKelaminAtlet`, `telpAtlet`, `tinggiBadanAtlet`, `beratBadanAtlet`, `spesialisAtlet`, `potensialAtlet`, `statusAtlet`, `tglStatusAtlet`, `fotoAtlet`, `orderAtlet`) VALUES (9, 1, 2, 0, 'M. Irfan', 'xxx', '0000-00-00', 'xxx', 1, 'xxx', 0, 0, 'Ski Air/Weakboard', 0, 2, '0000-00-00', '', 7);
INSERT INTO `tAtlet` (`idAtlet`, `idCabangOlahraga`, `idJenisOlahraga`, `idKecamatan`, `namaAtlet`, `tempatLahirAtlet`, `tglLahirAtlet`, `alamatAtlet`, `jenisKelaminAtlet`, `telpAtlet`, `tinggiBadanAtlet`, `beratBadanAtlet`, `spesialisAtlet`, `potensialAtlet`, `statusAtlet`, `tglStatusAtlet`, `fotoAtlet`, `orderAtlet`) VALUES (10, 1, 2, 0, 'Rudy Effendi', 'xxx', '0000-00-00', 'xxx', 1, 'xxx', 0, 0, 'Ski Air/Weakboard', 0, 2, '0000-00-00', '', 8);
INSERT INTO `tAtlet` (`idAtlet`, `idCabangOlahraga`, `idJenisOlahraga`, `idKecamatan`, `namaAtlet`, `tempatLahirAtlet`, `tglLahirAtlet`, `alamatAtlet`, `jenisKelaminAtlet`, `telpAtlet`, `tinggiBadanAtlet`, `beratBadanAtlet`, `spesialisAtlet`, `potensialAtlet`, `statusAtlet`, `tglStatusAtlet`, `fotoAtlet`, `orderAtlet`) VALUES (11, 1, 2, 0, 'Beni Adiguna', 'xxx', '0000-00-00', 'xxx', 1, 'xxx', 0, 0, 'Slalom/Weakboard', 0, 2, '0000-00-00', '', 9);
INSERT INTO `tAtlet` (`idAtlet`, `idCabangOlahraga`, `idJenisOlahraga`, `idKecamatan`, `namaAtlet`, `tempatLahirAtlet`, `tglLahirAtlet`, `alamatAtlet`, `jenisKelaminAtlet`, `telpAtlet`, `tinggiBadanAtlet`, `beratBadanAtlet`, `spesialisAtlet`, `potensialAtlet`, `statusAtlet`, `tglStatusAtlet`, `fotoAtlet`, `orderAtlet`) VALUES (12, 1, 2, 0, 'M. Fihi', 'xxx', '0000-00-00', 'xxx', 1, 'xxx', 0, 0, 'Slalom/Weakboard', 0, 2, '0000-00-00', '', 10);
INSERT INTO `tAtlet` (`idAtlet`, `idCabangOlahraga`, `idJenisOlahraga`, `idKecamatan`, `namaAtlet`, `tempatLahirAtlet`, `tglLahirAtlet`, `alamatAtlet`, `jenisKelaminAtlet`, `telpAtlet`, `tinggiBadanAtlet`, `beratBadanAtlet`, `spesialisAtlet`, `potensialAtlet`, `statusAtlet`, `tglStatusAtlet`, `fotoAtlet`, `orderAtlet`) VALUES (13, 2, 3, 0, 'Erico Herdiansyah', 'Jombang', '2003-11-22', 'xxx', 1, 'xxx', 0, 0, 'xx', 0, 2, '0000-00-00', '', 1);
INSERT INTO `tAtlet` (`idAtlet`, `idCabangOlahraga`, `idJenisOlahraga`, `idKecamatan`, `namaAtlet`, `tempatLahirAtlet`, `tglLahirAtlet`, `alamatAtlet`, `jenisKelaminAtlet`, `telpAtlet`, `tinggiBadanAtlet`, `beratBadanAtlet`, `spesialisAtlet`, `potensialAtlet`, `statusAtlet`, `tglStatusAtlet`, `fotoAtlet`, `orderAtlet`) VALUES (14, 2, 3, 0, 'Uwais Akarani', 'Banjarmasin', '2003-07-20', 'xxx', 1, 'xxx', 0, 0, 'xxx', 0, 2, '0000-00-00', '', 2);
INSERT INTO `tAtlet` (`idAtlet`, `idCabangOlahraga`, `idJenisOlahraga`, `idKecamatan`, `namaAtlet`, `tempatLahirAtlet`, `tglLahirAtlet`, `alamatAtlet`, `jenisKelaminAtlet`, `telpAtlet`, `tinggiBadanAtlet`, `beratBadanAtlet`, `spesialisAtlet`, `potensialAtlet`, `statusAtlet`, `tglStatusAtlet`, `fotoAtlet`, `orderAtlet`) VALUES (15, 2, 3, 0, 'Uwais Akarani', 'Banjarmasin', '2003-07-20', 'xxx', 1, 'xxx', 0, 0, 'xxx', 0, -2, '0000-00-00', '', 2);
INSERT INTO `tAtlet` (`idAtlet`, `idCabangOlahraga`, `idJenisOlahraga`, `idKecamatan`, `namaAtlet`, `tempatLahirAtlet`, `tglLahirAtlet`, `alamatAtlet`, `jenisKelaminAtlet`, `telpAtlet`, `tinggiBadanAtlet`, `beratBadanAtlet`, `spesialisAtlet`, `potensialAtlet`, `statusAtlet`, `tglStatusAtlet`, `fotoAtlet`, `orderAtlet`) VALUES (16, 2, 3, 0, 'M. Sarwani', 'Banjarmasin', '2003-12-02', 'xxx', 1, 'xxx', 0, 0, 'xxx', 0, 2, '0000-00-00', '', 3);
INSERT INTO `tAtlet` (`idAtlet`, `idCabangOlahraga`, `idJenisOlahraga`, `idKecamatan`, `namaAtlet`, `tempatLahirAtlet`, `tglLahirAtlet`, `alamatAtlet`, `jenisKelaminAtlet`, `telpAtlet`, `tinggiBadanAtlet`, `beratBadanAtlet`, `spesialisAtlet`, `potensialAtlet`, `statusAtlet`, `tglStatusAtlet`, `fotoAtlet`, `orderAtlet`) VALUES (17, 2, 3, 0, 'Reyhan Azmi', 'Banjarmasin', '2004-02-26', 'xxx', 1, 'xxx', 0, 0, 'xxx', 0, 2, '0000-00-00', '', 4);
INSERT INTO `tAtlet` (`idAtlet`, `idCabangOlahraga`, `idJenisOlahraga`, `idKecamatan`, `namaAtlet`, `tempatLahirAtlet`, `tglLahirAtlet`, `alamatAtlet`, `jenisKelaminAtlet`, `telpAtlet`, `tinggiBadanAtlet`, `beratBadanAtlet`, `spesialisAtlet`, `potensialAtlet`, `statusAtlet`, `tglStatusAtlet`, `fotoAtlet`, `orderAtlet`) VALUES (18, 2, 3, 0, 'Noval Muammar Qadafi', 'Banjarmasin', '2003-08-30', 'xxx', 1, 'xxx', 0, 0, 'xxx', 0, 2, '0000-00-00', '', 5);
INSERT INTO `tAtlet` (`idAtlet`, `idCabangOlahraga`, `idJenisOlahraga`, `idKecamatan`, `namaAtlet`, `tempatLahirAtlet`, `tglLahirAtlet`, `alamatAtlet`, `jenisKelaminAtlet`, `telpAtlet`, `tinggiBadanAtlet`, `beratBadanAtlet`, `spesialisAtlet`, `potensialAtlet`, `statusAtlet`, `tglStatusAtlet`, `fotoAtlet`, `orderAtlet`) VALUES (19, 2, 3, 0, 'Jamaluddin', 'Banjarmasin', '2004-07-09', 'xxx', 1, 'xxx', 0, 0, 'xxx', 0, 2, '0000-00-00', '', 6);
INSERT INTO `tAtlet` (`idAtlet`, `idCabangOlahraga`, `idJenisOlahraga`, `idKecamatan`, `namaAtlet`, `tempatLahirAtlet`, `tglLahirAtlet`, `alamatAtlet`, `jenisKelaminAtlet`, `telpAtlet`, `tinggiBadanAtlet`, `beratBadanAtlet`, `spesialisAtlet`, `potensialAtlet`, `statusAtlet`, `tglStatusAtlet`, `fotoAtlet`, `orderAtlet`) VALUES (20, 2, 3, 0, 'Trio Kurniawan', 'Semarang', '2003-05-12', 'xxx', 1, 'xxx', 0, 0, 'xxx', 0, 2, '0000-00-00', '', 7);
INSERT INTO `tAtlet` (`idAtlet`, `idCabangOlahraga`, `idJenisOlahraga`, `idKecamatan`, `namaAtlet`, `tempatLahirAtlet`, `tglLahirAtlet`, `alamatAtlet`, `jenisKelaminAtlet`, `telpAtlet`, `tinggiBadanAtlet`, `beratBadanAtlet`, `spesialisAtlet`, `potensialAtlet`, `statusAtlet`, `tglStatusAtlet`, `fotoAtlet`, `orderAtlet`) VALUES (21, 2, 3, 0, 'M.Syifa', 'Banjarmasin', '2003-01-30', 'xxx', 1, 'xxx', 0, 0, 'xxx', 0, 2, '0000-00-00', '', 8);
INSERT INTO `tAtlet` (`idAtlet`, `idCabangOlahraga`, `idJenisOlahraga`, `idKecamatan`, `namaAtlet`, `tempatLahirAtlet`, `tglLahirAtlet`, `alamatAtlet`, `jenisKelaminAtlet`, `telpAtlet`, `tinggiBadanAtlet`, `beratBadanAtlet`, `spesialisAtlet`, `potensialAtlet`, `statusAtlet`, `tglStatusAtlet`, `fotoAtlet`, `orderAtlet`) VALUES (22, 2, 3, 0, 'Naufal Elfiru', 'Batu Licin', '2003-03-08', 'xxx', 1, 'xxx', 0, 0, 'xxx', 0, 2, '0000-00-00', '', 9);
INSERT INTO `tAtlet` (`idAtlet`, `idCabangOlahraga`, `idJenisOlahraga`, `idKecamatan`, `namaAtlet`, `tempatLahirAtlet`, `tglLahirAtlet`, `alamatAtlet`, `jenisKelaminAtlet`, `telpAtlet`, `tinggiBadanAtlet`, `beratBadanAtlet`, `spesialisAtlet`, `potensialAtlet`, `statusAtlet`, `tglStatusAtlet`, `fotoAtlet`, `orderAtlet`) VALUES (23, 2, 3, 0, 'M. Aprilia w', 'Banjarmasin', '2003-04-10', 'xxx', 1, 'xxx', 0, 0, 'xxx', 0, 2, '0000-00-00', '', 10);
INSERT INTO `tAtlet` (`idAtlet`, `idCabangOlahraga`, `idJenisOlahraga`, `idKecamatan`, `namaAtlet`, `tempatLahirAtlet`, `tglLahirAtlet`, `alamatAtlet`, `jenisKelaminAtlet`, `telpAtlet`, `tinggiBadanAtlet`, `beratBadanAtlet`, `spesialisAtlet`, `potensialAtlet`, `statusAtlet`, `tglStatusAtlet`, `fotoAtlet`, `orderAtlet`) VALUES (24, 2, 3, 3, 'Akmal', 'Banjarmasin', '2002-06-23', 'Jl. Antasan Kecil Barat No.56 Banjarmasin', 1, 'xxx', 0, 0, 'xxx', 0, 2, '0000-00-00', '', 11);
INSERT INTO `tAtlet` (`idAtlet`, `idCabangOlahraga`, `idJenisOlahraga`, `idKecamatan`, `namaAtlet`, `tempatLahirAtlet`, `tglLahirAtlet`, `alamatAtlet`, `jenisKelaminAtlet`, `telpAtlet`, `tinggiBadanAtlet`, `beratBadanAtlet`, `spesialisAtlet`, `potensialAtlet`, `statusAtlet`, `tglStatusAtlet`, `fotoAtlet`, `orderAtlet`) VALUES (25, 2, 3, 0, 'Indra Najwa Saputra', 'Banjarmasin', '2002-04-30', 'xxx', 1, 'xxx', 0, 0, 'xxx', 0, 2, '0000-00-00', '', 12);
INSERT INTO `tAtlet` (`idAtlet`, `idCabangOlahraga`, `idJenisOlahraga`, `idKecamatan`, `namaAtlet`, `tempatLahirAtlet`, `tglLahirAtlet`, `alamatAtlet`, `jenisKelaminAtlet`, `telpAtlet`, `tinggiBadanAtlet`, `beratBadanAtlet`, `spesialisAtlet`, `potensialAtlet`, `statusAtlet`, `tglStatusAtlet`, `fotoAtlet`, `orderAtlet`) VALUES (26, 2, 3, 0, 'M. Ramadani', 'Banjarmasin', '2001-11-18', 'xxx', 1, 'xxx', 0, 0, 'xxx', 0, 2, '0000-00-00', '', 13);
INSERT INTO `tAtlet` (`idAtlet`, `idCabangOlahraga`, `idJenisOlahraga`, `idKecamatan`, `namaAtlet`, `tempatLahirAtlet`, `tglLahirAtlet`, `alamatAtlet`, `jenisKelaminAtlet`, `telpAtlet`, `tinggiBadanAtlet`, `beratBadanAtlet`, `spesialisAtlet`, `potensialAtlet`, `statusAtlet`, `tglStatusAtlet`, `fotoAtlet`, `orderAtlet`) VALUES (27, 2, 3, 0, 'Kristiyanto. P', 'Banjarmasin', '2003-12-10', 'xxx', 1, 'xxx', 0, 0, 'xxx', 0, 2, '0000-00-00', '', 14);
INSERT INTO `tAtlet` (`idAtlet`, `idCabangOlahraga`, `idJenisOlahraga`, `idKecamatan`, `namaAtlet`, `tempatLahirAtlet`, `tglLahirAtlet`, `alamatAtlet`, `jenisKelaminAtlet`, `telpAtlet`, `tinggiBadanAtlet`, `beratBadanAtlet`, `spesialisAtlet`, `potensialAtlet`, `statusAtlet`, `tglStatusAtlet`, `fotoAtlet`, `orderAtlet`) VALUES (28, 2, 3, 3, 'Izzuda Nur Ridana', 'Banjarmasin', '1999-07-30', 'Jl. Lambung Mangkurat Komplek Mupakat Rt.18 No.56', 1, 'xxx', 0, 0, 'xxx', 0, 2, '0000-00-00', '', 15);
INSERT INTO `tAtlet` (`idAtlet`, `idCabangOlahraga`, `idJenisOlahraga`, `idKecamatan`, `namaAtlet`, `tempatLahirAtlet`, `tglLahirAtlet`, `alamatAtlet`, `jenisKelaminAtlet`, `telpAtlet`, `tinggiBadanAtlet`, `beratBadanAtlet`, `spesialisAtlet`, `potensialAtlet`, `statusAtlet`, `tglStatusAtlet`, `fotoAtlet`, `orderAtlet`) VALUES (29, 2, 3, 2, 'Rifan Massaid', 'Banjarmasin', '1996-02-05', 'Jl. Pangeran Rt.06 No.19 Banjarmasin', 1, 'xxx', 0, 0, 'xxx', 0, 2, '0000-00-00', '', 16);
INSERT INTO `tAtlet` (`idAtlet`, `idCabangOlahraga`, `idJenisOlahraga`, `idKecamatan`, `namaAtlet`, `tempatLahirAtlet`, `tglLahirAtlet`, `alamatAtlet`, `jenisKelaminAtlet`, `telpAtlet`, `tinggiBadanAtlet`, `beratBadanAtlet`, `spesialisAtlet`, `potensialAtlet`, `statusAtlet`, `tglStatusAtlet`, `fotoAtlet`, `orderAtlet`) VALUES (30, 2, 3, 4, 'M. Riza Rizki. R', 'Banjarmasin', '1996-02-06', 'Komp.Rahayu Pembina 4', 1, 'xxx', 0, 0, 'xxx', 0, 2, '0000-00-00', '', 17);
INSERT INTO `tAtlet` (`idAtlet`, `idCabangOlahraga`, `idJenisOlahraga`, `idKecamatan`, `namaAtlet`, `tempatLahirAtlet`, `tglLahirAtlet`, `alamatAtlet`, `jenisKelaminAtlet`, `telpAtlet`, `tinggiBadanAtlet`, `beratBadanAtlet`, `spesialisAtlet`, `potensialAtlet`, `statusAtlet`, `tglStatusAtlet`, `fotoAtlet`, `orderAtlet`) VALUES (31, 2, 3, 2, 'Umar', 'Banjarmasin', '1997-07-21', 'Jl. Perdagangan Komp. HKSN', 1, 'xxx', 0, 0, 'xxx', 0, 2, '0000-00-00', '', 18);
INSERT INTO `tAtlet` (`idAtlet`, `idCabangOlahraga`, `idJenisOlahraga`, `idKecamatan`, `namaAtlet`, `tempatLahirAtlet`, `tglLahirAtlet`, `alamatAtlet`, `jenisKelaminAtlet`, `telpAtlet`, `tinggiBadanAtlet`, `beratBadanAtlet`, `spesialisAtlet`, `potensialAtlet`, `statusAtlet`, `tglStatusAtlet`, `fotoAtlet`, `orderAtlet`) VALUES (32, 2, 3, 3, 'Fadlurrahman', 'Banjarmasin', '2001-07-29', 'Jl. S. Parman No.102', 1, 'xxx', 0, 0, 'xxx', 0, 2, '0000-00-00', '', 19);
INSERT INTO `tAtlet` (`idAtlet`, `idCabangOlahraga`, `idJenisOlahraga`, `idKecamatan`, `namaAtlet`, `tempatLahirAtlet`, `tglLahirAtlet`, `alamatAtlet`, `jenisKelaminAtlet`, `telpAtlet`, `tinggiBadanAtlet`, `beratBadanAtlet`, `spesialisAtlet`, `potensialAtlet`, `statusAtlet`, `tglStatusAtlet`, `fotoAtlet`, `orderAtlet`) VALUES (33, 2, 3, 2, 'Ghina Shofiya Rahayu', 'Banjarmasin', '1998-04-07', 'Jl. HKSN Komplek AMD Permai No.225 Rt.25 Alalak Utara', 2, 'xxx', 0, 0, 'xxx', 0, 2, '0000-00-00', '', 20);
INSERT INTO `tAtlet` (`idAtlet`, `idCabangOlahraga`, `idJenisOlahraga`, `idKecamatan`, `namaAtlet`, `tempatLahirAtlet`, `tglLahirAtlet`, `alamatAtlet`, `jenisKelaminAtlet`, `telpAtlet`, `tinggiBadanAtlet`, `beratBadanAtlet`, `spesialisAtlet`, `potensialAtlet`, `statusAtlet`, `tglStatusAtlet`, `fotoAtlet`, `orderAtlet`) VALUES (34, 2, 3, 2, 'Dhiya Salsabila', 'Banjarmasin', '1997-03-13', 'Jl. HKSN Komplek AMD Permai No.225 Rt.25 Alalak Utara', 2, 'xxx', 0, 0, 'xxx', 0, 2, '0000-00-00', '', 21);
INSERT INTO `tAtlet` (`idAtlet`, `idCabangOlahraga`, `idJenisOlahraga`, `idKecamatan`, `namaAtlet`, `tempatLahirAtlet`, `tglLahirAtlet`, `alamatAtlet`, `jenisKelaminAtlet`, `telpAtlet`, `tinggiBadanAtlet`, `beratBadanAtlet`, `spesialisAtlet`, `potensialAtlet`, `statusAtlet`, `tglStatusAtlet`, `fotoAtlet`, `orderAtlet`) VALUES (35, 2, 3, 2, 'Frenda Juliana', 'Banjarmasin', '1997-07-01', 'Jl. HKSN Komp. Herlina Baru Rt.18 No.24 Blok Z Alalak', 2, 'xxx', 0, 0, 'xxx', 0, 2, '0000-00-00', '', 22);
INSERT INTO `tAtlet` (`idAtlet`, `idCabangOlahraga`, `idJenisOlahraga`, `idKecamatan`, `namaAtlet`, `tempatLahirAtlet`, `tglLahirAtlet`, `alamatAtlet`, `jenisKelaminAtlet`, `telpAtlet`, `tinggiBadanAtlet`, `beratBadanAtlet`, `spesialisAtlet`, `potensialAtlet`, `statusAtlet`, `tglStatusAtlet`, `fotoAtlet`, `orderAtlet`) VALUES (36, 2, 3, 2, 'Nur Rifma', 'Banjarmasin', '2001-06-06', 'Jl. Pangeran Rt.05 No.19', 2, 'xxxx', 0, 0, 'xxx', 0, 2, '0000-00-00', '', 23);
INSERT INTO `tAtlet` (`idAtlet`, `idCabangOlahraga`, `idJenisOlahraga`, `idKecamatan`, `namaAtlet`, `tempatLahirAtlet`, `tglLahirAtlet`, `alamatAtlet`, `jenisKelaminAtlet`, `telpAtlet`, `tinggiBadanAtlet`, `beratBadanAtlet`, `spesialisAtlet`, `potensialAtlet`, `statusAtlet`, `tglStatusAtlet`, `fotoAtlet`, `orderAtlet`) VALUES (37, 2, 3, 1, 'Mawaddata Dwi Purnama', 'Banjarmasin', '2001-04-27', 'Jl. Belitung Darat Gg. Patriot', 2, 'xxx', 0, 0, 'xxx', 0, 2, '0000-00-00', '', 24);
INSERT INTO `tAtlet` (`idAtlet`, `idCabangOlahraga`, `idJenisOlahraga`, `idKecamatan`, `namaAtlet`, `tempatLahirAtlet`, `tglLahirAtlet`, `alamatAtlet`, `jenisKelaminAtlet`, `telpAtlet`, `tinggiBadanAtlet`, `beratBadanAtlet`, `spesialisAtlet`, `potensialAtlet`, `statusAtlet`, `tglStatusAtlet`, `fotoAtlet`, `orderAtlet`) VALUES (38, 2, 3, 1, 'Indah Lestari', 'Banjarmasin', '1997-04-05', 'Jl. Belitung Darat Gg. Antasum No.4 Rtr.7', 2, 'xxx', 0, 0, 'xxx', 0, 2, '0000-00-00', '', 25);
INSERT INTO `tAtlet` (`idAtlet`, `idCabangOlahraga`, `idJenisOlahraga`, `idKecamatan`, `namaAtlet`, `tempatLahirAtlet`, `tglLahirAtlet`, `alamatAtlet`, `jenisKelaminAtlet`, `telpAtlet`, `tinggiBadanAtlet`, `beratBadanAtlet`, `spesialisAtlet`, `potensialAtlet`, `statusAtlet`, `tglStatusAtlet`, `fotoAtlet`, `orderAtlet`) VALUES (39, 2, 3, 5, 'Wana Hafizah', 'Banjarmasin', '2001-08-12', 'Jl. Tunjung Maya Jl. AMD Besar Rt. 31 No.8', 2, 'xxx', 0, 0, 'xxx', 0, 2, '0000-00-00', '', 26);
INSERT INTO `tAtlet` (`idAtlet`, `idCabangOlahraga`, `idJenisOlahraga`, `idKecamatan`, `namaAtlet`, `tempatLahirAtlet`, `tglLahirAtlet`, `alamatAtlet`, `jenisKelaminAtlet`, `telpAtlet`, `tinggiBadanAtlet`, `beratBadanAtlet`, `spesialisAtlet`, `potensialAtlet`, `statusAtlet`, `tglStatusAtlet`, `fotoAtlet`, `orderAtlet`) VALUES (40, 2, 3, 0, 'Nur Ainah', 'Banjarmasin', '1997-09-19', 'Jl. Handil Bakti Komp. Persada Raya', 2, 'xxx', 0, 0, 'xxx', 0, 2, '0000-00-00', '', 27);
INSERT INTO `tAtlet` (`idAtlet`, `idCabangOlahraga`, `idJenisOlahraga`, `idKecamatan`, `namaAtlet`, `tempatLahirAtlet`, `tglLahirAtlet`, `alamatAtlet`, `jenisKelaminAtlet`, `telpAtlet`, `tinggiBadanAtlet`, `beratBadanAtlet`, `spesialisAtlet`, `potensialAtlet`, `statusAtlet`, `tglStatusAtlet`, `fotoAtlet`, `orderAtlet`) VALUES (41, 2, 3, 0, 'Adam Bihar Rahim', 'Banjarmasin', '2004-04-21', 'xxx', 1, 'xxx', 0, 0, 'xxx', 0, 2, '0000-00-00', '', 28);
INSERT INTO `tAtlet` (`idAtlet`, `idCabangOlahraga`, `idJenisOlahraga`, `idKecamatan`, `namaAtlet`, `tempatLahirAtlet`, `tglLahirAtlet`, `alamatAtlet`, `jenisKelaminAtlet`, `telpAtlet`, `tinggiBadanAtlet`, `beratBadanAtlet`, `spesialisAtlet`, `potensialAtlet`, `statusAtlet`, `tglStatusAtlet`, `fotoAtlet`, `orderAtlet`) VALUES (42, 2, 3, 0, 'Syahrul', 'Paketelu', '2001-08-27', 'xxx', 1, 'xxx', 0, 0, 'xxx', 0, 2, '0000-00-00', '', 29);
INSERT INTO `tAtlet` (`idAtlet`, `idCabangOlahraga`, `idJenisOlahraga`, `idKecamatan`, `namaAtlet`, `tempatLahirAtlet`, `tglLahirAtlet`, `alamatAtlet`, `jenisKelaminAtlet`, `telpAtlet`, `tinggiBadanAtlet`, `beratBadanAtlet`, `spesialisAtlet`, `potensialAtlet`, `statusAtlet`, `tglStatusAtlet`, `fotoAtlet`, `orderAtlet`) VALUES (43, 2, 3, 1, 'Maulana Ahnan Adriyanto', 'Banjarmasin', '2003-05-23', 'Jl. Belitung Darat Perumahan Emas No.5 Blok A Rt.32 Rw.03', 1, 'xxx', 0, 0, 'xxx', 0, 2, '0000-00-00', '', 30);
INSERT INTO `tAtlet` (`idAtlet`, `idCabangOlahraga`, `idJenisOlahraga`, `idKecamatan`, `namaAtlet`, `tempatLahirAtlet`, `tglLahirAtlet`, `alamatAtlet`, `jenisKelaminAtlet`, `telpAtlet`, `tinggiBadanAtlet`, `beratBadanAtlet`, `spesialisAtlet`, `potensialAtlet`, `statusAtlet`, `tglStatusAtlet`, `fotoAtlet`, `orderAtlet`) VALUES (44, 2, 3, 4, 'Muhammad Ahnan Syah Akbar', 'Batola', '1998-06-05', 'Jl. Pramuka Komp. Rahayu Pembina 3 No. 2 Rt.23', 1, 'xxx', 0, 0, 'xxx', 0, 2, '0000-00-00', '', 31);
INSERT INTO `tAtlet` (`idAtlet`, `idCabangOlahraga`, `idJenisOlahraga`, `idKecamatan`, `namaAtlet`, `tempatLahirAtlet`, `tglLahirAtlet`, `alamatAtlet`, `jenisKelaminAtlet`, `telpAtlet`, `tinggiBadanAtlet`, `beratBadanAtlet`, `spesialisAtlet`, `potensialAtlet`, `statusAtlet`, `tglStatusAtlet`, `fotoAtlet`, `orderAtlet`) VALUES (45, 2, 3, 4, 'Auliya Rubiyat', 'Banjarmasin', '1998-11-02', 'Jl. Keramat Raya No.19 Rrt.15 Rw.01', 1, 'xxx', 0, 0, 'xxx', 0, 2, '0000-00-00', '', 32);
INSERT INTO `tAtlet` (`idAtlet`, `idCabangOlahraga`, `idJenisOlahraga`, `idKecamatan`, `namaAtlet`, `tempatLahirAtlet`, `tglLahirAtlet`, `alamatAtlet`, `jenisKelaminAtlet`, `telpAtlet`, `tinggiBadanAtlet`, `beratBadanAtlet`, `spesialisAtlet`, `potensialAtlet`, `statusAtlet`, `tglStatusAtlet`, `fotoAtlet`, `orderAtlet`) VALUES (46, 2, 3, 3, 'Mufid', 'Banjarmasin', '2000-07-19', 'Jl. Antasan Kecil Barat Gang Sahara', 1, 'xxx', 0, 0, 'xxx', 0, 2, '0000-00-00', '', 33);
INSERT INTO `tAtlet` (`idAtlet`, `idCabangOlahraga`, `idJenisOlahraga`, `idKecamatan`, `namaAtlet`, `tempatLahirAtlet`, `tglLahirAtlet`, `alamatAtlet`, `jenisKelaminAtlet`, `telpAtlet`, `tinggiBadanAtlet`, `beratBadanAtlet`, `spesialisAtlet`, `potensialAtlet`, `statusAtlet`, `tglStatusAtlet`, `fotoAtlet`, `orderAtlet`) VALUES (47, 2, 3, 5, 'Muhammad Rizal Hafiz', 'Banjarmasin', '1997-11-11', 'Jl. Tembus Mantuil Kelayan Selatan Bjm', 1, 'xxx', 0, 0, 'xxx', 0, 2, '0000-00-00', '', 34);
INSERT INTO `tAtlet` (`idAtlet`, `idCabangOlahraga`, `idJenisOlahraga`, `idKecamatan`, `namaAtlet`, `tempatLahirAtlet`, `tglLahirAtlet`, `alamatAtlet`, `jenisKelaminAtlet`, `telpAtlet`, `tinggiBadanAtlet`, `beratBadanAtlet`, `spesialisAtlet`, `potensialAtlet`, `statusAtlet`, `tglStatusAtlet`, `fotoAtlet`, `orderAtlet`) VALUES (48, 2, 3, 0, 'Febby Febriyani', 'Banjarmasin', '2003-02-16', 'xxx', 2, 'xxx', 0, 0, 'xxx', 0, 2, '0000-00-00', '', 35);
INSERT INTO `tAtlet` (`idAtlet`, `idCabangOlahraga`, `idJenisOlahraga`, `idKecamatan`, `namaAtlet`, `tempatLahirAtlet`, `tglLahirAtlet`, `alamatAtlet`, `jenisKelaminAtlet`, `telpAtlet`, `tinggiBadanAtlet`, `beratBadanAtlet`, `spesialisAtlet`, `potensialAtlet`, `statusAtlet`, `tglStatusAtlet`, `fotoAtlet`, `orderAtlet`) VALUES (49, 2, 3, 1, 'Vina Yulianti', 'Palangkaraya', '2002-04-29', 'Jl. Belitung Darat Gang Rahayu No.29', 2, 'xxx', 0, 0, 'xxx', 0, 2, '0000-00-00', '', 36);
INSERT INTO `tAtlet` (`idAtlet`, `idCabangOlahraga`, `idJenisOlahraga`, `idKecamatan`, `namaAtlet`, `tempatLahirAtlet`, `tglLahirAtlet`, `alamatAtlet`, `jenisKelaminAtlet`, `telpAtlet`, `tinggiBadanAtlet`, `beratBadanAtlet`, `spesialisAtlet`, `potensialAtlet`, `statusAtlet`, `tglStatusAtlet`, `fotoAtlet`, `orderAtlet`) VALUES (50, 2, 3, 4, 'Muhammad Ilhan Nugraha', 'Banjarmasin', '2002-11-29', 'Jl. Pramuka Komp.Satelit Permai Rt.19', 1, 'xxx', 0, 0, 'xxx', 0, 2, '0000-00-00', '', 37);
INSERT INTO `tAtlet` (`idAtlet`, `idCabangOlahraga`, `idJenisOlahraga`, `idKecamatan`, `namaAtlet`, `tempatLahirAtlet`, `tglLahirAtlet`, `alamatAtlet`, `jenisKelaminAtlet`, `telpAtlet`, `tinggiBadanAtlet`, `beratBadanAtlet`, `spesialisAtlet`, `potensialAtlet`, `statusAtlet`, `tglStatusAtlet`, `fotoAtlet`, `orderAtlet`) VALUES (51, 2, 3, 0, 'Igo Bagus Wirawan', 'Sukoharjo', '2002-05-03', 'xxx', 1, 'xxx', 0, 0, 'xxx', 0, 2, '0000-00-00', '', 38);
INSERT INTO `tAtlet` (`idAtlet`, `idCabangOlahraga`, `idJenisOlahraga`, `idKecamatan`, `namaAtlet`, `tempatLahirAtlet`, `tglLahirAtlet`, `alamatAtlet`, `jenisKelaminAtlet`, `telpAtlet`, `tinggiBadanAtlet`, `beratBadanAtlet`, `spesialisAtlet`, `potensialAtlet`, `statusAtlet`, `tglStatusAtlet`, `fotoAtlet`, `orderAtlet`) VALUES (52, 2, 3, 0, 'Inesya Karina Zainishfi', 'Banjarmasin', '2002-10-17', 'xxx', 2, 'xxx', 0, 0, 'xxx', 0, 2, '0000-00-00', '', 39);
INSERT INTO `tAtlet` (`idAtlet`, `idCabangOlahraga`, `idJenisOlahraga`, `idKecamatan`, `namaAtlet`, `tempatLahirAtlet`, `tglLahirAtlet`, `alamatAtlet`, `jenisKelaminAtlet`, `telpAtlet`, `tinggiBadanAtlet`, `beratBadanAtlet`, `spesialisAtlet`, `potensialAtlet`, `statusAtlet`, `tglStatusAtlet`, `fotoAtlet`, `orderAtlet`) VALUES (53, 2, 3, 5, 'Hafids Rahman Ahmad Rasyid', 'Banjarmasin', '2002-08-31', 'Komplek Banjar Indah Permai Jl. Agatis No.105 Rt.15', 1, 'xxx', 0, 0, 'xxx', 0, 2, '0000-00-00', '', 40);
INSERT INTO `tAtlet` (`idAtlet`, `idCabangOlahraga`, `idJenisOlahraga`, `idKecamatan`, `namaAtlet`, `tempatLahirAtlet`, `tglLahirAtlet`, `alamatAtlet`, `jenisKelaminAtlet`, `telpAtlet`, `tinggiBadanAtlet`, `beratBadanAtlet`, `spesialisAtlet`, `potensialAtlet`, `statusAtlet`, `tglStatusAtlet`, `fotoAtlet`, `orderAtlet`) VALUES (54, 2, 3, 0, 'M. Fitri Arjani', 'Banjarmasin', '2002-12-06', 'xxx', 1, 'xxx', 0, 0, 'xxx', 0, 2, '0000-00-00', '', 41);
INSERT INTO `tAtlet` (`idAtlet`, `idCabangOlahraga`, `idJenisOlahraga`, `idKecamatan`, `namaAtlet`, `tempatLahirAtlet`, `tglLahirAtlet`, `alamatAtlet`, `jenisKelaminAtlet`, `telpAtlet`, `tinggiBadanAtlet`, `beratBadanAtlet`, `spesialisAtlet`, `potensialAtlet`, `statusAtlet`, `tglStatusAtlet`, `fotoAtlet`, `orderAtlet`) VALUES (55, 2, 3, 4, 'Jordie Hadi Saputra', 'Banjarmasin', '2002-03-08', 'jl. Veteran Gang 9 Rt.19', 1, 'xxx', 0, 0, 'xxx', 0, 2, '0000-00-00', '', 42);
INSERT INTO `tAtlet` (`idAtlet`, `idCabangOlahraga`, `idJenisOlahraga`, `idKecamatan`, `namaAtlet`, `tempatLahirAtlet`, `tglLahirAtlet`, `alamatAtlet`, `jenisKelaminAtlet`, `telpAtlet`, `tinggiBadanAtlet`, `beratBadanAtlet`, `spesialisAtlet`, `potensialAtlet`, `statusAtlet`, `tglStatusAtlet`, `fotoAtlet`, `orderAtlet`) VALUES (56, 2, 3, 4, 'Febriana Dwi Saputri', 'Banjarmasin', '2001-02-10', 'Jl. Veteran Komp. A. Yani I Rt.19 No.48', 2, 'xxx', 0, 0, 'xxx', 0, 2, '0000-00-00', '', 43);
INSERT INTO `tAtlet` (`idAtlet`, `idCabangOlahraga`, `idJenisOlahraga`, `idKecamatan`, `namaAtlet`, `tempatLahirAtlet`, `tglLahirAtlet`, `alamatAtlet`, `jenisKelaminAtlet`, `telpAtlet`, `tinggiBadanAtlet`, `beratBadanAtlet`, `spesialisAtlet`, `potensialAtlet`, `statusAtlet`, `tglStatusAtlet`, `fotoAtlet`, `orderAtlet`) VALUES (57, 2, 3, 4, 'Agung Prayogo', 'Banjarmasin', '2001-09-02', 'Jl. A. Yani Km. 5,5 Komp. R. Soeprapto No. 15 Rt.03 Rw.01', 1, 'xxx', 0, 0, 'xxx', 0, 2, '0000-00-00', '', 44);
INSERT INTO `tAtlet` (`idAtlet`, `idCabangOlahraga`, `idJenisOlahraga`, `idKecamatan`, `namaAtlet`, `tempatLahirAtlet`, `tglLahirAtlet`, `alamatAtlet`, `jenisKelaminAtlet`, `telpAtlet`, `tinggiBadanAtlet`, `beratBadanAtlet`, `spesialisAtlet`, `potensialAtlet`, `statusAtlet`, `tglStatusAtlet`, `fotoAtlet`, `orderAtlet`) VALUES (58, 2, 3, 5, 'Arya Nofiyandhara Putra', 'Banjarmasin', '2001-11-17', 'Jl. Banjar Indah V No.52 Rt.2 ', 1, 'xxx', 0, 0, 'xxx', 0, 2, '0000-00-00', '', 45);
INSERT INTO `tAtlet` (`idAtlet`, `idCabangOlahraga`, `idJenisOlahraga`, `idKecamatan`, `namaAtlet`, `tempatLahirAtlet`, `tglLahirAtlet`, `alamatAtlet`, `jenisKelaminAtlet`, `telpAtlet`, `tinggiBadanAtlet`, `beratBadanAtlet`, `spesialisAtlet`, `potensialAtlet`, `statusAtlet`, `tglStatusAtlet`, `fotoAtlet`, `orderAtlet`) VALUES (59, 2, 3, 4, 'M. Aqsal. E.P', 'Banjarmasin', '2003-10-04', 'Komp. Karya Budi Utama Raya Blok F No.39', 1, 'xxx', 0, 0, 'xxx', 0, 2, '0000-00-00', '', 46);
INSERT INTO `tAtlet` (`idAtlet`, `idCabangOlahraga`, `idJenisOlahraga`, `idKecamatan`, `namaAtlet`, `tempatLahirAtlet`, `tglLahirAtlet`, `alamatAtlet`, `jenisKelaminAtlet`, `telpAtlet`, `tinggiBadanAtlet`, `beratBadanAtlet`, `spesialisAtlet`, `potensialAtlet`, `statusAtlet`, `tglStatusAtlet`, `fotoAtlet`, `orderAtlet`) VALUES (60, 3, 2, 2, 'Muhammad Ali Fiqrah', 'Banjarmasin', '1985-04-28', 'Jl. HKSN Komp.AMD No.248 Rt.47', 1, 'xxx', 0, 0, 'xxx', 0, 2, '0000-00-00', '', 1);
INSERT INTO `tAtlet` (`idAtlet`, `idCabangOlahraga`, `idJenisOlahraga`, `idKecamatan`, `namaAtlet`, `tempatLahirAtlet`, `tglLahirAtlet`, `alamatAtlet`, `jenisKelaminAtlet`, `telpAtlet`, `tinggiBadanAtlet`, `beratBadanAtlet`, `spesialisAtlet`, `potensialAtlet`, `statusAtlet`, `tglStatusAtlet`, `fotoAtlet`, `orderAtlet`) VALUES (61, 3, 2, 5, 'Zainur Rahmani', 'Banjarmasin', '1982-06-09', 'Jl. Tembus Mantuil Komp. Bumi Basirih', 1, 'xxx', 0, 0, 'xxx', 0, 2, '0000-00-00', '', 2);
INSERT INTO `tAtlet` (`idAtlet`, `idCabangOlahraga`, `idJenisOlahraga`, `idKecamatan`, `namaAtlet`, `tempatLahirAtlet`, `tglLahirAtlet`, `alamatAtlet`, `jenisKelaminAtlet`, `telpAtlet`, `tinggiBadanAtlet`, `beratBadanAtlet`, `spesialisAtlet`, `potensialAtlet`, `statusAtlet`, `tglStatusAtlet`, `fotoAtlet`, `orderAtlet`) VALUES (62, 3, 2, 5, 'Wahyuddin Kudrunnada', 'Banjarmasin', '2000-05-27', 'Jl. Kelayan A. Gg. Karya Manunggal Rt.26', 1, 'xxx', 0, 0, 'xxx', 0, 2, '0000-00-00', '', 3);
INSERT INTO `tAtlet` (`idAtlet`, `idCabangOlahraga`, `idJenisOlahraga`, `idKecamatan`, `namaAtlet`, `tempatLahirAtlet`, `tglLahirAtlet`, `alamatAtlet`, `jenisKelaminAtlet`, `telpAtlet`, `tinggiBadanAtlet`, `beratBadanAtlet`, `spesialisAtlet`, `potensialAtlet`, `statusAtlet`, `tglStatusAtlet`, `fotoAtlet`, `orderAtlet`) VALUES (63, 3, 2, 5, 'Wahyuddin Kudrunnada', 'Banjarmasin', '2000-05-27', 'Jl. Kelayan A. Gg. Karya Manunggal Rt.26', 1, 'xxx', 0, 0, 'xxx', 0, -2, '0000-00-00', '', 3);
INSERT INTO `tAtlet` (`idAtlet`, `idCabangOlahraga`, `idJenisOlahraga`, `idKecamatan`, `namaAtlet`, `tempatLahirAtlet`, `tglLahirAtlet`, `alamatAtlet`, `jenisKelaminAtlet`, `telpAtlet`, `tinggiBadanAtlet`, `beratBadanAtlet`, `spesialisAtlet`, `potensialAtlet`, `statusAtlet`, `tglStatusAtlet`, `fotoAtlet`, `orderAtlet`) VALUES (64, 3, 2, 2, 'Ahmad Fauzi Rahman', 'Banjarmasin', '2003-06-03', 'Jl. Sultan Adam S. Andai', 1, 'xxx', 0, 0, 'xxx', 0, 2, '0000-00-00', '', 4);
INSERT INTO `tAtlet` (`idAtlet`, `idCabangOlahraga`, `idJenisOlahraga`, `idKecamatan`, `namaAtlet`, `tempatLahirAtlet`, `tglLahirAtlet`, `alamatAtlet`, `jenisKelaminAtlet`, `telpAtlet`, `tinggiBadanAtlet`, `beratBadanAtlet`, `spesialisAtlet`, `potensialAtlet`, `statusAtlet`, `tglStatusAtlet`, `fotoAtlet`, `orderAtlet`) VALUES (65, 3, 2, 2, 'Irfan Putra Syabana', 'Banjarmasin', '2005-09-28', 'Jl. Mahligai Permai 2 Rt.28 No.18', 1, 'xxx', 0, 0, 'xxx', 0, 2, '0000-00-00', '', 5);
INSERT INTO `tAtlet` (`idAtlet`, `idCabangOlahraga`, `idJenisOlahraga`, `idKecamatan`, `namaAtlet`, `tempatLahirAtlet`, `tglLahirAtlet`, `alamatAtlet`, `jenisKelaminAtlet`, `telpAtlet`, `tinggiBadanAtlet`, `beratBadanAtlet`, `spesialisAtlet`, `potensialAtlet`, `statusAtlet`, `tglStatusAtlet`, `fotoAtlet`, `orderAtlet`) VALUES (66, 3, 2, 5, 'RM. Rizky Hendrawan Utama', 'Banjarmasin', '2008-08-11', 'Komp. Beruntung Jaya Jl. Gajah Mada No.47 Rt.43', 1, 'xxx', 0, 0, 'xxx', 0, 2, '0000-00-00', '', 6);
INSERT INTO `tAtlet` (`idAtlet`, `idCabangOlahraga`, `idJenisOlahraga`, `idKecamatan`, `namaAtlet`, `tempatLahirAtlet`, `tglLahirAtlet`, `alamatAtlet`, `jenisKelaminAtlet`, `telpAtlet`, `tinggiBadanAtlet`, `beratBadanAtlet`, `spesialisAtlet`, `potensialAtlet`, `statusAtlet`, `tglStatusAtlet`, `fotoAtlet`, `orderAtlet`) VALUES (67, 3, 2, 0, 'Hasbi Ridoni', 'Banjarmasin', '2002-07-10', 'Jl. Belimbing Raya No.55', 1, 'xxx', 0, 0, 'xxx', 0, 2, '0000-00-00', '', 7);
INSERT INTO `tAtlet` (`idAtlet`, `idCabangOlahraga`, `idJenisOlahraga`, `idKecamatan`, `namaAtlet`, `tempatLahirAtlet`, `tglLahirAtlet`, `alamatAtlet`, `jenisKelaminAtlet`, `telpAtlet`, `tinggiBadanAtlet`, `beratBadanAtlet`, `spesialisAtlet`, `potensialAtlet`, `statusAtlet`, `tglStatusAtlet`, `fotoAtlet`, `orderAtlet`) VALUES (68, 3, 2, 4, 'M. Rizki Pratama', 'xxx', '0000-00-00', 'Jl. Pekapuran Laut, Gg.Hampa Raya', 1, 'xxx', 0, 0, 'xxx', 0, 2, '0000-00-00', '', 8);
INSERT INTO `tAtlet` (`idAtlet`, `idCabangOlahraga`, `idJenisOlahraga`, `idKecamatan`, `namaAtlet`, `tempatLahirAtlet`, `tglLahirAtlet`, `alamatAtlet`, `jenisKelaminAtlet`, `telpAtlet`, `tinggiBadanAtlet`, `beratBadanAtlet`, `spesialisAtlet`, `potensialAtlet`, `statusAtlet`, `tglStatusAtlet`, `fotoAtlet`, `orderAtlet`) VALUES (69, 3, 2, 0, 'Fahri Nova Perdiansyah', 'xxx', '0000-00-00', 'xxx', 1, 'xxx', 0, 0, 'xxx', 0, 2, '0000-00-00', '', 9);
INSERT INTO `tAtlet` (`idAtlet`, `idCabangOlahraga`, `idJenisOlahraga`, `idKecamatan`, `namaAtlet`, `tempatLahirAtlet`, `tglLahirAtlet`, `alamatAtlet`, `jenisKelaminAtlet`, `telpAtlet`, `tinggiBadanAtlet`, `beratBadanAtlet`, `spesialisAtlet`, `potensialAtlet`, `statusAtlet`, `tglStatusAtlet`, `fotoAtlet`, `orderAtlet`) VALUES (70, 3, 2, 3, 'Farida Ariyanti', 'Banjarmasin', '1984-11-08', 'Jl. Sei Mesa Rt.20 No.20', 2, 'xxx', 0, 0, 'xxx', 0, 2, '0000-00-00', '', 10);
INSERT INTO `tAtlet` (`idAtlet`, `idCabangOlahraga`, `idJenisOlahraga`, `idKecamatan`, `namaAtlet`, `tempatLahirAtlet`, `tglLahirAtlet`, `alamatAtlet`, `jenisKelaminAtlet`, `telpAtlet`, `tinggiBadanAtlet`, `beratBadanAtlet`, `spesialisAtlet`, `potensialAtlet`, `statusAtlet`, `tglStatusAtlet`, `fotoAtlet`, `orderAtlet`) VALUES (71, 3, 2, 0, 'Sri Ayu Widayanti', 'Banjarmasin', '1998-05-06', 'Jl. Trans Kalimantan Km.25 Rt.09', 2, 'xxx', 0, 0, 'xxx', 0, 2, '0000-00-00', '', 11);
INSERT INTO `tAtlet` (`idAtlet`, `idCabangOlahraga`, `idJenisOlahraga`, `idKecamatan`, `namaAtlet`, `tempatLahirAtlet`, `tglLahirAtlet`, `alamatAtlet`, `jenisKelaminAtlet`, `telpAtlet`, `tinggiBadanAtlet`, `beratBadanAtlet`, `spesialisAtlet`, `potensialAtlet`, `statusAtlet`, `tglStatusAtlet`, `fotoAtlet`, `orderAtlet`) VALUES (72, 3, 2, 3, 'Riana Arisanti', 'Banjarmasin', '1999-10-03', 'jl. Sei Mesa Rt.13 No.20', 2, 'xxx', 0, 0, 'xxx', 0, 2, '0000-00-00', '', 12);
INSERT INTO `tAtlet` (`idAtlet`, `idCabangOlahraga`, `idJenisOlahraga`, `idKecamatan`, `namaAtlet`, `tempatLahirAtlet`, `tglLahirAtlet`, `alamatAtlet`, `jenisKelaminAtlet`, `telpAtlet`, `tinggiBadanAtlet`, `beratBadanAtlet`, `spesialisAtlet`, `potensialAtlet`, `statusAtlet`, `tglStatusAtlet`, `fotoAtlet`, `orderAtlet`) VALUES (73, 3, 2, 4, 'Nursila', 'Banjarmasin', '2000-09-24', 'Jl. Pramuka Siaga No.46A Rt.34', 2, 'xxx', 0, 0, 'xxx', 0, 2, '0000-00-00', '', 13);
INSERT INTO `tAtlet` (`idAtlet`, `idCabangOlahraga`, `idJenisOlahraga`, `idKecamatan`, `namaAtlet`, `tempatLahirAtlet`, `tglLahirAtlet`, `alamatAtlet`, `jenisKelaminAtlet`, `telpAtlet`, `tinggiBadanAtlet`, `beratBadanAtlet`, `spesialisAtlet`, `potensialAtlet`, `statusAtlet`, `tglStatusAtlet`, `fotoAtlet`, `orderAtlet`) VALUES (74, 3, 2, 4, 'Fitriah Balfaghi', 'Banjarmasin', '2002-12-08', 'jl. Pramuka Siaga No.46 Rt.34', 2, 'xxx', 0, 0, 'xxx', 0, 2, '0000-00-00', '', 14);
INSERT INTO `tAtlet` (`idAtlet`, `idCabangOlahraga`, `idJenisOlahraga`, `idKecamatan`, `namaAtlet`, `tempatLahirAtlet`, `tglLahirAtlet`, `alamatAtlet`, `jenisKelaminAtlet`, `telpAtlet`, `tinggiBadanAtlet`, `beratBadanAtlet`, `spesialisAtlet`, `potensialAtlet`, `statusAtlet`, `tglStatusAtlet`, `fotoAtlet`, `orderAtlet`) VALUES (75, 3, 2, 5, 'Wisesya Mayraina Putri Kinasih', 'Balikpapan', '2006-05-20', 'Jl. Prona II Gg.Baru No.32B', 2, 'xxx', 0, 0, 'xxx', 0, 2, '0000-00-00', '', 15);
INSERT INTO `tAtlet` (`idAtlet`, `idCabangOlahraga`, `idJenisOlahraga`, `idKecamatan`, `namaAtlet`, `tempatLahirAtlet`, `tglLahirAtlet`, `alamatAtlet`, `jenisKelaminAtlet`, `telpAtlet`, `tinggiBadanAtlet`, `beratBadanAtlet`, `spesialisAtlet`, `potensialAtlet`, `statusAtlet`, `tglStatusAtlet`, `fotoAtlet`, `orderAtlet`) VALUES (76, 3, 2, 4, 'Ananda Alisya', 'Banjarmasin', '2006-01-23', 'Jl. Veteran Komp. A.Yani I Rt.20', 2, 'xxx', 0, 0, 'xxx', 0, 2, '0000-00-00', '', 16);
INSERT INTO `tAtlet` (`idAtlet`, `idCabangOlahraga`, `idJenisOlahraga`, `idKecamatan`, `namaAtlet`, `tempatLahirAtlet`, `tglLahirAtlet`, `alamatAtlet`, `jenisKelaminAtlet`, `telpAtlet`, `tinggiBadanAtlet`, `beratBadanAtlet`, `spesialisAtlet`, `potensialAtlet`, `statusAtlet`, `tglStatusAtlet`, `fotoAtlet`, `orderAtlet`) VALUES (77, 3, 2, 0, 'Laili Ridayanti', 'Banjarmasin', '2006-02-18', 'Jl. Belimbing Raya No.55', 2, 'xxx', 0, 0, 'xxx', 0, 2, '0000-00-00', '', 17);
INSERT INTO `tAtlet` (`idAtlet`, `idCabangOlahraga`, `idJenisOlahraga`, `idKecamatan`, `namaAtlet`, `tempatLahirAtlet`, `tglLahirAtlet`, `alamatAtlet`, `jenisKelaminAtlet`, `telpAtlet`, `tinggiBadanAtlet`, `beratBadanAtlet`, `spesialisAtlet`, `potensialAtlet`, `statusAtlet`, `tglStatusAtlet`, `fotoAtlet`, `orderAtlet`) VALUES (78, 3, 2, 4, 'Muharrammah Dini', 'Banjarmasin', '2006-02-18', 'Jl. Pahlawan No.48 Rt.7', 2, 'xxx', 0, 0, 'xxx', 0, 2, '0000-00-00', '', 18);
INSERT INTO `tAtlet` (`idAtlet`, `idCabangOlahraga`, `idJenisOlahraga`, `idKecamatan`, `namaAtlet`, `tempatLahirAtlet`, `tglLahirAtlet`, `alamatAtlet`, `jenisKelaminAtlet`, `telpAtlet`, `tinggiBadanAtlet`, `beratBadanAtlet`, `spesialisAtlet`, `potensialAtlet`, `statusAtlet`, `tglStatusAtlet`, `fotoAtlet`, `orderAtlet`) VALUES (79, 3, 2, 2, 'Tsurayya Kamila Indah Paramata', 'Banjarmasin', '2006-02-06', 'Jl. zahri Saleh Komp.Griya Jati Permai Blok C No.13', 2, 'xxx', 0, 0, 'xxx', 0, 2, '0000-00-00', '', 19);
INSERT INTO `tAtlet` (`idAtlet`, `idCabangOlahraga`, `idJenisOlahraga`, `idKecamatan`, `namaAtlet`, `tempatLahirAtlet`, `tglLahirAtlet`, `alamatAtlet`, `jenisKelaminAtlet`, `telpAtlet`, `tinggiBadanAtlet`, `beratBadanAtlet`, `spesialisAtlet`, `potensialAtlet`, `statusAtlet`, `tglStatusAtlet`, `fotoAtlet`, `orderAtlet`) VALUES (80, 3, 2, 0, 'Shufa Novita Fahlevi', 'xxx', '0000-00-00', 'xxx', 2, 'xxx', 0, 0, 'xxx', 0, 2, '0000-00-00', '', 20);
INSERT INTO `tAtlet` (`idAtlet`, `idCabangOlahraga`, `idJenisOlahraga`, `idKecamatan`, `namaAtlet`, `tempatLahirAtlet`, `tglLahirAtlet`, `alamatAtlet`, `jenisKelaminAtlet`, `telpAtlet`, `tinggiBadanAtlet`, `beratBadanAtlet`, `spesialisAtlet`, `potensialAtlet`, `statusAtlet`, `tglStatusAtlet`, `fotoAtlet`, `orderAtlet`) VALUES (81, 4, 2, 3, 'Muhammad Helmi', 'Banjarmasin', '2001-11-26', 'Jl. Seberang Mesjid Rt.4', 1, 'xxx', 0, 0, 'xxx', 0, 2, '0000-00-00', '', 1);
INSERT INTO `tAtlet` (`idAtlet`, `idCabangOlahraga`, `idJenisOlahraga`, `idKecamatan`, `namaAtlet`, `tempatLahirAtlet`, `tglLahirAtlet`, `alamatAtlet`, `jenisKelaminAtlet`, `telpAtlet`, `tinggiBadanAtlet`, `beratBadanAtlet`, `spesialisAtlet`, `potensialAtlet`, `statusAtlet`, `tglStatusAtlet`, `fotoAtlet`, `orderAtlet`) VALUES (82, 4, 2, 2, 'Muhammad Fuaddi', 'Banjarmasin', '2002-06-18', 'Jl. Sungai Jingah', 1, 'xxx', 0, 0, 'xxx', 0, 2, '0000-00-00', '', 2);
INSERT INTO `tAtlet` (`idAtlet`, `idCabangOlahraga`, `idJenisOlahraga`, `idKecamatan`, `namaAtlet`, `tempatLahirAtlet`, `tglLahirAtlet`, `alamatAtlet`, `jenisKelaminAtlet`, `telpAtlet`, `tinggiBadanAtlet`, `beratBadanAtlet`, `spesialisAtlet`, `potensialAtlet`, `statusAtlet`, `tglStatusAtlet`, `fotoAtlet`, `orderAtlet`) VALUES (83, 4, 2, 2, 'M. Amin Lutfi', 'Banjarmasin', '2001-12-24', 'Jl. Sungai Jingah', 1, 'xxx', 0, 0, 'xxx', 0, 2, '0000-00-00', '', 3);
INSERT INTO `tAtlet` (`idAtlet`, `idCabangOlahraga`, `idJenisOlahraga`, `idKecamatan`, `namaAtlet`, `tempatLahirAtlet`, `tglLahirAtlet`, `alamatAtlet`, `jenisKelaminAtlet`, `telpAtlet`, `tinggiBadanAtlet`, `beratBadanAtlet`, `spesialisAtlet`, `potensialAtlet`, `statusAtlet`, `tglStatusAtlet`, `fotoAtlet`, `orderAtlet`) VALUES (84, 4, 2, 3, 'M. Ryan Dwi Aditiyas', 'Banjarmasin', '2001-04-24', 'Jl. Seberang Mesjid', 1, 'xxx', 0, 0, 'xxx', 0, 2, '0000-00-00', '', 4);
INSERT INTO `tAtlet` (`idAtlet`, `idCabangOlahraga`, `idJenisOlahraga`, `idKecamatan`, `namaAtlet`, `tempatLahirAtlet`, `tglLahirAtlet`, `alamatAtlet`, `jenisKelaminAtlet`, `telpAtlet`, `tinggiBadanAtlet`, `beratBadanAtlet`, `spesialisAtlet`, `potensialAtlet`, `statusAtlet`, `tglStatusAtlet`, `fotoAtlet`, `orderAtlet`) VALUES (85, 4, 2, 3, 'M. Ryan Dwi Aditiyas', 'Banjarmasin', '2001-04-24', 'Jl. Seberang Mesjid', 1, 'xxx', 0, 0, 'xxx', 0, -2, '0000-00-00', '', 4);
INSERT INTO `tAtlet` (`idAtlet`, `idCabangOlahraga`, `idJenisOlahraga`, `idKecamatan`, `namaAtlet`, `tempatLahirAtlet`, `tglLahirAtlet`, `alamatAtlet`, `jenisKelaminAtlet`, `telpAtlet`, `tinggiBadanAtlet`, `beratBadanAtlet`, `spesialisAtlet`, `potensialAtlet`, `statusAtlet`, `tglStatusAtlet`, `fotoAtlet`, `orderAtlet`) VALUES (86, 4, 2, 4, 'M. Fijai Ramdani', 'Banjarmasin', '1998-08-06', 'Jl. Museum Perjuangan', 1, 'xxx', 0, 0, 'xxx', 0, 2, '0000-00-00', '', 5);
INSERT INTO `tAtlet` (`idAtlet`, `idCabangOlahraga`, `idJenisOlahraga`, `idKecamatan`, `namaAtlet`, `tempatLahirAtlet`, `tglLahirAtlet`, `alamatAtlet`, `jenisKelaminAtlet`, `telpAtlet`, `tinggiBadanAtlet`, `beratBadanAtlet`, `spesialisAtlet`, `potensialAtlet`, `statusAtlet`, `tglStatusAtlet`, `fotoAtlet`, `orderAtlet`) VALUES (87, 4, 2, 0, 'Muhammad Ikhsan', 'Banjarmasin', '2001-10-02', 'Jl. Komp. Buana Permai', 1, 'xxx', 0, 0, 'xxx', 0, 2, '0000-00-00', '', 6);
INSERT INTO `tAtlet` (`idAtlet`, `idCabangOlahraga`, `idJenisOlahraga`, `idKecamatan`, `namaAtlet`, `tempatLahirAtlet`, `tglLahirAtlet`, `alamatAtlet`, `jenisKelaminAtlet`, `telpAtlet`, `tinggiBadanAtlet`, `beratBadanAtlet`, `spesialisAtlet`, `potensialAtlet`, `statusAtlet`, `tglStatusAtlet`, `fotoAtlet`, `orderAtlet`) VALUES (88, 4, 2, 2, 'Ahmad Riki Renaldi', 'Banjarmasin', '2002-03-15', 'Jl. Simpang Jahri Saleh Rt.20', 1, 'xxx', 0, 0, 'xxx', 0, 2, '0000-00-00', '', 7);
INSERT INTO `tAtlet` (`idAtlet`, `idCabangOlahraga`, `idJenisOlahraga`, `idKecamatan`, `namaAtlet`, `tempatLahirAtlet`, `tglLahirAtlet`, `alamatAtlet`, `jenisKelaminAtlet`, `telpAtlet`, `tinggiBadanAtlet`, `beratBadanAtlet`, `spesialisAtlet`, `potensialAtlet`, `statusAtlet`, `tglStatusAtlet`, `fotoAtlet`, `orderAtlet`) VALUES (89, 4, 2, 2, 'Ahmad Kahfi', 'Banjarmasin', '2003-08-08', 'Jl. Jahri Saleh Komp. Pos 2', 1, 'xxx', 0, 0, 'xxx', 0, 2, '0000-00-00', '', 8);
INSERT INTO `tAtlet` (`idAtlet`, `idCabangOlahraga`, `idJenisOlahraga`, `idKecamatan`, `namaAtlet`, `tempatLahirAtlet`, `tglLahirAtlet`, `alamatAtlet`, `jenisKelaminAtlet`, `telpAtlet`, `tinggiBadanAtlet`, `beratBadanAtlet`, `spesialisAtlet`, `potensialAtlet`, `statusAtlet`, `tglStatusAtlet`, `fotoAtlet`, `orderAtlet`) VALUES (90, 4, 2, 2, 'Ahmad Kahfi', 'Banjarmasin', '2003-08-08', 'Jl. Jahri Saleh Komp. Pos 2', 1, 'xxx', 0, 0, 'xxx', 0, -2, '0000-00-00', '', 8);
INSERT INTO `tAtlet` (`idAtlet`, `idCabangOlahraga`, `idJenisOlahraga`, `idKecamatan`, `namaAtlet`, `tempatLahirAtlet`, `tglLahirAtlet`, `alamatAtlet`, `jenisKelaminAtlet`, `telpAtlet`, `tinggiBadanAtlet`, `beratBadanAtlet`, `spesialisAtlet`, `potensialAtlet`, `statusAtlet`, `tglStatusAtlet`, `fotoAtlet`, `orderAtlet`) VALUES (91, 4, 2, 3, 'Tufik Rahman', 'Banjarmasin', '2001-03-24', 'Jl. S.Parman 1 No.36', 1, 'xxx', 0, 0, 'xxx', 0, 2, '0000-00-00', '', 9);
INSERT INTO `tAtlet` (`idAtlet`, `idCabangOlahraga`, `idJenisOlahraga`, `idKecamatan`, `namaAtlet`, `tempatLahirAtlet`, `tglLahirAtlet`, `alamatAtlet`, `jenisKelaminAtlet`, `telpAtlet`, `tinggiBadanAtlet`, `beratBadanAtlet`, `spesialisAtlet`, `potensialAtlet`, `statusAtlet`, `tglStatusAtlet`, `fotoAtlet`, `orderAtlet`) VALUES (92, 4, 2, 4, 'Muhammad Rudiansyah', 'Palangkaraya', '0000-00-00', 'Jl. Museum Perjuangan Rt.14 Rw.02', 1, 'xxx', 0, 0, 'xxx', 0, 2, '0000-00-00', '', 10);
INSERT INTO `tAtlet` (`idAtlet`, `idCabangOlahraga`, `idJenisOlahraga`, `idKecamatan`, `namaAtlet`, `tempatLahirAtlet`, `tglLahirAtlet`, `alamatAtlet`, `jenisKelaminAtlet`, `telpAtlet`, `tinggiBadanAtlet`, `beratBadanAtlet`, `spesialisAtlet`, `potensialAtlet`, `statusAtlet`, `tglStatusAtlet`, `fotoAtlet`, `orderAtlet`) VALUES (93, 4, 2, 4, 'Muhammad Rudiansyah', 'Palangkaraya', '0000-00-00', 'Jl. Museum Perjuangan Rt.14 Rw.02', 1, 'xxx', 0, 0, 'xxx', 0, -2, '0000-00-00', '', 10);
INSERT INTO `tAtlet` (`idAtlet`, `idCabangOlahraga`, `idJenisOlahraga`, `idKecamatan`, `namaAtlet`, `tempatLahirAtlet`, `tglLahirAtlet`, `alamatAtlet`, `jenisKelaminAtlet`, `telpAtlet`, `tinggiBadanAtlet`, `beratBadanAtlet`, `spesialisAtlet`, `potensialAtlet`, `statusAtlet`, `tglStatusAtlet`, `fotoAtlet`, `orderAtlet`) VALUES (94, 4, 2, 2, 'Azis Hakim', 'Banjarmasin', '2002-08-22', 'Jl. Sungai Jingah', 1, 'xxx', 0, 0, 'xxx', 0, 2, '0000-00-00', '', 11);
INSERT INTO `tAtlet` (`idAtlet`, `idCabangOlahraga`, `idJenisOlahraga`, `idKecamatan`, `namaAtlet`, `tempatLahirAtlet`, `tglLahirAtlet`, `alamatAtlet`, `jenisKelaminAtlet`, `telpAtlet`, `tinggiBadanAtlet`, `beratBadanAtlet`, `spesialisAtlet`, `potensialAtlet`, `statusAtlet`, `tglStatusAtlet`, `fotoAtlet`, `orderAtlet`) VALUES (95, 4, 2, 2, 'Azis Hakim', 'Banjarmasin', '2002-08-22', 'Jl. Sungai Jingah', 1, 'xxx', 0, 0, 'xxx', 0, -2, '0000-00-00', '', 11);
INSERT INTO `tAtlet` (`idAtlet`, `idCabangOlahraga`, `idJenisOlahraga`, `idKecamatan`, `namaAtlet`, `tempatLahirAtlet`, `tglLahirAtlet`, `alamatAtlet`, `jenisKelaminAtlet`, `telpAtlet`, `tinggiBadanAtlet`, `beratBadanAtlet`, `spesialisAtlet`, `potensialAtlet`, `statusAtlet`, `tglStatusAtlet`, `fotoAtlet`, `orderAtlet`) VALUES (96, 4, 2, 0, 'Muhammad Taufik', 'Terusan Makmur', '2002-12-06', 'Jl. Sido Makmur Marabahan', 1, 'xxx', 0, 0, 'xxx', 0, 2, '0000-00-00', '', 12);
INSERT INTO `tAtlet` (`idAtlet`, `idCabangOlahraga`, `idJenisOlahraga`, `idKecamatan`, `namaAtlet`, `tempatLahirAtlet`, `tglLahirAtlet`, `alamatAtlet`, `jenisKelaminAtlet`, `telpAtlet`, `tinggiBadanAtlet`, `beratBadanAtlet`, `spesialisAtlet`, `potensialAtlet`, `statusAtlet`, `tglStatusAtlet`, `fotoAtlet`, `orderAtlet`) VALUES (97, 4, 2, 0, 'M. zainal Ilmi', 'Anjir', '2002-10-10', 'Desa Anjir Seberang Pasar', 1, 'xxx', 0, 0, 'xxx', 0, 2, '0000-00-00', '', 13);
INSERT INTO `tAtlet` (`idAtlet`, `idCabangOlahraga`, `idJenisOlahraga`, `idKecamatan`, `namaAtlet`, `tempatLahirAtlet`, `tglLahirAtlet`, `alamatAtlet`, `jenisKelaminAtlet`, `telpAtlet`, `tinggiBadanAtlet`, `beratBadanAtlet`, `spesialisAtlet`, `potensialAtlet`, `statusAtlet`, `tglStatusAtlet`, `fotoAtlet`, `orderAtlet`) VALUES (98, 4, 2, 2, 'Adelia Wardana', 'Banjarmasin', '2001-10-18', 'Jl. Sungai Andai No.106', 2, 'xxx', 0, 0, 'xxx', 0, 2, '0000-00-00', '', 14);
INSERT INTO `tAtlet` (`idAtlet`, `idCabangOlahraga`, `idJenisOlahraga`, `idKecamatan`, `namaAtlet`, `tempatLahirAtlet`, `tglLahirAtlet`, `alamatAtlet`, `jenisKelaminAtlet`, `telpAtlet`, `tinggiBadanAtlet`, `beratBadanAtlet`, `spesialisAtlet`, `potensialAtlet`, `statusAtlet`, `tglStatusAtlet`, `fotoAtlet`, `orderAtlet`) VALUES (99, 4, 2, 4, 'Kiki Fatmawati', 'Banjarmasin', '2001-10-18', 'Jl. Museum Perjuangan Rt.14 Rw.02', 2, 'xxx', 0, 0, 'xxx', 0, 2, '0000-00-00', '', 15);
INSERT INTO `tAtlet` (`idAtlet`, `idCabangOlahraga`, `idJenisOlahraga`, `idKecamatan`, `namaAtlet`, `tempatLahirAtlet`, `tglLahirAtlet`, `alamatAtlet`, `jenisKelaminAtlet`, `telpAtlet`, `tinggiBadanAtlet`, `beratBadanAtlet`, `spesialisAtlet`, `potensialAtlet`, `statusAtlet`, `tglStatusAtlet`, `fotoAtlet`, `orderAtlet`) VALUES (100, 5, 2, 3, 'Ichsan Ramadhan', 'Banjarmasin', '1987-08-14', 'Jl. Seberang Mesjid No.17 Rt.04 Banjarmasin', 1, 'xxx', 0, 0, 'Lead, Boulder, Speed', 0, 2, '0000-00-00', '', 1);
INSERT INTO `tAtlet` (`idAtlet`, `idCabangOlahraga`, `idJenisOlahraga`, `idKecamatan`, `namaAtlet`, `tempatLahirAtlet`, `tglLahirAtlet`, `alamatAtlet`, `jenisKelaminAtlet`, `telpAtlet`, `tinggiBadanAtlet`, `beratBadanAtlet`, `spesialisAtlet`, `potensialAtlet`, `statusAtlet`, `tglStatusAtlet`, `fotoAtlet`, `orderAtlet`) VALUES (101, 5, 2, 1, 'Ade Syaiful AA', 'Banjarmasin', '1993-11-11', 'Jl. Belitung Laut Gg. Sariawan Rt.13 Banjarmasin', 1, 'xxx', 0, 0, 'Lead, Boulder', 0, 2, '0000-00-00', '', 2);
INSERT INTO `tAtlet` (`idAtlet`, `idCabangOlahraga`, `idJenisOlahraga`, `idKecamatan`, `namaAtlet`, `tempatLahirAtlet`, `tglLahirAtlet`, `alamatAtlet`, `jenisKelaminAtlet`, `telpAtlet`, `tinggiBadanAtlet`, `beratBadanAtlet`, `spesialisAtlet`, `potensialAtlet`, `statusAtlet`, `tglStatusAtlet`, `fotoAtlet`, `orderAtlet`) VALUES (102, 5, 2, 5, 'Edwin EL Padilah A.R', 'Banjarmasin', '1996-04-04', 'Jl. Bumi Pertiwi II No.52A Rtr.32 Banjarmasin', 1, 'xxx', 0, 0, 'Boulder, Speed', 0, 2, '0000-00-00', '', 3);
INSERT INTO `tAtlet` (`idAtlet`, `idCabangOlahraga`, `idJenisOlahraga`, `idKecamatan`, `namaAtlet`, `tempatLahirAtlet`, `tglLahirAtlet`, `alamatAtlet`, `jenisKelaminAtlet`, `telpAtlet`, `tinggiBadanAtlet`, `beratBadanAtlet`, `spesialisAtlet`, `potensialAtlet`, `statusAtlet`, `tglStatusAtlet`, `fotoAtlet`, `orderAtlet`) VALUES (103, 5, 2, 3, 'Lizam Asfa Maulana', 'Banjarmasin', '2003-05-26', 'Jl. Cendrawasih No.01 Rt.23 Banjarmasin', 1, 'xxx', 0, 0, 'Lead, Boulder, Speed', 0, 2, '0000-00-00', '', 4);
INSERT INTO `tAtlet` (`idAtlet`, `idCabangOlahraga`, `idJenisOlahraga`, `idKecamatan`, `namaAtlet`, `tempatLahirAtlet`, `tglLahirAtlet`, `alamatAtlet`, `jenisKelaminAtlet`, `telpAtlet`, `tinggiBadanAtlet`, `beratBadanAtlet`, `spesialisAtlet`, `potensialAtlet`, `statusAtlet`, `tglStatusAtlet`, `fotoAtlet`, `orderAtlet`) VALUES (104, 5, 2, 2, 'M. Ahsanu \'Amala', 'Banjarmasin', '1998-07-04', 'Jl. Sultan Adam Pondok Merpati No.37 Rt.13 Banjarmasin', 1, 'xxx', 0, 0, 'Speed', 0, 2, '0000-00-00', '', 5);
INSERT INTO `tAtlet` (`idAtlet`, `idCabangOlahraga`, `idJenisOlahraga`, `idKecamatan`, `namaAtlet`, `tempatLahirAtlet`, `tglLahirAtlet`, `alamatAtlet`, `jenisKelaminAtlet`, `telpAtlet`, `tinggiBadanAtlet`, `beratBadanAtlet`, `spesialisAtlet`, `potensialAtlet`, `statusAtlet`, `tglStatusAtlet`, `fotoAtlet`, `orderAtlet`) VALUES (105, 5, 2, 2, 'Heri Yani', 'Satui', '1995-10-25', 'Jl. Cendana Banjarmasin', 1, 'xxx', 0, 0, 'Boulder, Speed', 0, 2, '0000-00-00', '', 6);
INSERT INTO `tAtlet` (`idAtlet`, `idCabangOlahraga`, `idJenisOlahraga`, `idKecamatan`, `namaAtlet`, `tempatLahirAtlet`, `tglLahirAtlet`, `alamatAtlet`, `jenisKelaminAtlet`, `telpAtlet`, `tinggiBadanAtlet`, `beratBadanAtlet`, `spesialisAtlet`, `potensialAtlet`, `statusAtlet`, `tglStatusAtlet`, `fotoAtlet`, `orderAtlet`) VALUES (106, 5, 2, 0, 'Syamsir Alam', 'Mallinrung', '1995-05-21', 'Jl. ', 1, 'xxx', 0, 0, 'Boulder, Speed', 0, 2, '0000-00-00', '', 7);
INSERT INTO `tAtlet` (`idAtlet`, `idCabangOlahraga`, `idJenisOlahraga`, `idKecamatan`, `namaAtlet`, `tempatLahirAtlet`, `tglLahirAtlet`, `alamatAtlet`, `jenisKelaminAtlet`, `telpAtlet`, `tinggiBadanAtlet`, `beratBadanAtlet`, `spesialisAtlet`, `potensialAtlet`, `statusAtlet`, `tglStatusAtlet`, `fotoAtlet`, `orderAtlet`) VALUES (107, 5, 2, 0, 'M. Zainuddin', 'Sungai Loban', '1992-04-05', 'Jl.', 1, 'xxx', 0, 0, 'Lead, Boulder', 0, 2, '0000-00-00', '', 8);
INSERT INTO `tAtlet` (`idAtlet`, `idCabangOlahraga`, `idJenisOlahraga`, `idKecamatan`, `namaAtlet`, `tempatLahirAtlet`, `tglLahirAtlet`, `alamatAtlet`, `jenisKelaminAtlet`, `telpAtlet`, `tinggiBadanAtlet`, `beratBadanAtlet`, `spesialisAtlet`, `potensialAtlet`, `statusAtlet`, `tglStatusAtlet`, `fotoAtlet`, `orderAtlet`) VALUES (108, 5, 2, 3, 'Achmad Fauzan', 'Banjarmasin', '2003-02-22', 'Jl. Cendrawasih Gg. Lumud No.06 Rt.23 Banjarmasin', 1, 'xxx', 0, 0, 'Boulder', 0, 2, '0000-00-00', '', 9);
INSERT INTO `tAtlet` (`idAtlet`, `idCabangOlahraga`, `idJenisOlahraga`, `idKecamatan`, `namaAtlet`, `tempatLahirAtlet`, `tglLahirAtlet`, `alamatAtlet`, `jenisKelaminAtlet`, `telpAtlet`, `tinggiBadanAtlet`, `beratBadanAtlet`, `spesialisAtlet`, `potensialAtlet`, `statusAtlet`, `tglStatusAtlet`, `fotoAtlet`, `orderAtlet`) VALUES (109, 5, 2, 2, 'M. Fathurrahman', 'Banjarmasin', '2007-11-20', 'Jl. Alalak Selatan Rt.07 Banjarmasin', 1, 'xxx', 0, 0, 'Speed', 0, 2, '0000-00-00', '', 10);
INSERT INTO `tAtlet` (`idAtlet`, `idCabangOlahraga`, `idJenisOlahraga`, `idKecamatan`, `namaAtlet`, `tempatLahirAtlet`, `tglLahirAtlet`, `alamatAtlet`, `jenisKelaminAtlet`, `telpAtlet`, `tinggiBadanAtlet`, `beratBadanAtlet`, `spesialisAtlet`, `potensialAtlet`, `statusAtlet`, `tglStatusAtlet`, `fotoAtlet`, `orderAtlet`) VALUES (110, 5, 2, 2, 'M. Irfan', 'Banjarmasin', '2001-06-20', 'Jl. Alalak Selatan Rt.07 Banjarmasin', 1, 'xxx', 0, 0, 'Speed', 0, 2, '0000-00-00', '', 11);
INSERT INTO `tAtlet` (`idAtlet`, `idCabangOlahraga`, `idJenisOlahraga`, `idKecamatan`, `namaAtlet`, `tempatLahirAtlet`, `tglLahirAtlet`, `alamatAtlet`, `jenisKelaminAtlet`, `telpAtlet`, `tinggiBadanAtlet`, `beratBadanAtlet`, `spesialisAtlet`, `potensialAtlet`, `statusAtlet`, `tglStatusAtlet`, `fotoAtlet`, `orderAtlet`) VALUES (111, 5, 2, 3, 'Zhuardi Mufti Ramadhani', 'Banjarmasin', '1986-05-16', 'Jl. Cendrawasih Gg. Lumud No.09 Rt.23 Banjarmasin', 1, 'xxx', 0, 0, 'Lead, Boulder, Speed', 0, 2, '0000-00-00', '', 12);
INSERT INTO `tAtlet` (`idAtlet`, `idCabangOlahraga`, `idJenisOlahraga`, `idKecamatan`, `namaAtlet`, `tempatLahirAtlet`, `tglLahirAtlet`, `alamatAtlet`, `jenisKelaminAtlet`, `telpAtlet`, `tinggiBadanAtlet`, `beratBadanAtlet`, `spesialisAtlet`, `potensialAtlet`, `statusAtlet`, `tglStatusAtlet`, `fotoAtlet`, `orderAtlet`) VALUES (112, 5, 2, 4, 'M. Ilma Abdullah', 'Banjarmasin', '0000-00-00', 'Jl. A. Yani Rt.15 Banjarmasin', 1, 'xxx', 0, 0, 'Lead, Boulder, Speed', 0, 2, '0000-00-00', '', 13);
INSERT INTO `tAtlet` (`idAtlet`, `idCabangOlahraga`, `idJenisOlahraga`, `idKecamatan`, `namaAtlet`, `tempatLahirAtlet`, `tglLahirAtlet`, `alamatAtlet`, `jenisKelaminAtlet`, `telpAtlet`, `tinggiBadanAtlet`, `beratBadanAtlet`, `spesialisAtlet`, `potensialAtlet`, `statusAtlet`, `tglStatusAtlet`, `fotoAtlet`, `orderAtlet`) VALUES (113, 5, 2, 2, 'Ahmad Fauzan', 'Banjarmasin', '2009-04-08', 'Jl. Alalak Utara Banjarmasin', 1, 'xxx', 0, 0, 'Lead, Boulder, Speed', 0, 2, '0000-00-00', '', 14);
INSERT INTO `tAtlet` (`idAtlet`, `idCabangOlahraga`, `idJenisOlahraga`, `idKecamatan`, `namaAtlet`, `tempatLahirAtlet`, `tglLahirAtlet`, `alamatAtlet`, `jenisKelaminAtlet`, `telpAtlet`, `tinggiBadanAtlet`, `beratBadanAtlet`, `spesialisAtlet`, `potensialAtlet`, `statusAtlet`, `tglStatusAtlet`, `fotoAtlet`, `orderAtlet`) VALUES (114, 5, 2, 2, 'Ahmad Lutfi', 'Banjarmasin', '2011-09-09', 'Jl. Alalak Utara Banjarmasin', 1, 'xxx', 0, 0, 'Lead, Boulder, Speed', 0, 2, '0000-00-00', '', 15);
INSERT INTO `tAtlet` (`idAtlet`, `idCabangOlahraga`, `idJenisOlahraga`, `idKecamatan`, `namaAtlet`, `tempatLahirAtlet`, `tglLahirAtlet`, `alamatAtlet`, `jenisKelaminAtlet`, `telpAtlet`, `tinggiBadanAtlet`, `beratBadanAtlet`, `spesialisAtlet`, `potensialAtlet`, `statusAtlet`, `tglStatusAtlet`, `fotoAtlet`, `orderAtlet`) VALUES (115, 5, 2, 2, 'Siti Rukayah', 'Banjarmasin', '1993-09-26', 'Jl. Alalak Utara Banjarmasin', 2, 'xxx', 0, 0, 'Lead, Boulder, Speed', 0, 2, '0000-00-00', '', 16);
INSERT INTO `tAtlet` (`idAtlet`, `idCabangOlahraga`, `idJenisOlahraga`, `idKecamatan`, `namaAtlet`, `tempatLahirAtlet`, `tglLahirAtlet`, `alamatAtlet`, `jenisKelaminAtlet`, `telpAtlet`, `tinggiBadanAtlet`, `beratBadanAtlet`, `spesialisAtlet`, `potensialAtlet`, `statusAtlet`, `tglStatusAtlet`, `fotoAtlet`, `orderAtlet`) VALUES (116, 5, 2, 0, 'Priska Adella', 'Samarinda', '1998-12-16', 'Jl.', 2, 'xxx', 0, 0, 'Lead, Boulder, Speed', 0, 2, '0000-00-00', '', 17);
INSERT INTO `tAtlet` (`idAtlet`, `idCabangOlahraga`, `idJenisOlahraga`, `idKecamatan`, `namaAtlet`, `tempatLahirAtlet`, `tglLahirAtlet`, `alamatAtlet`, `jenisKelaminAtlet`, `telpAtlet`, `tinggiBadanAtlet`, `beratBadanAtlet`, `spesialisAtlet`, `potensialAtlet`, `statusAtlet`, `tglStatusAtlet`, `fotoAtlet`, `orderAtlet`) VALUES (117, 5, 2, 0, 'Suharni', 'Babaluh', '1996-06-15', 'Jl.', 2, 'xxx', 0, 0, 'Lead, Boulder, Speed', 0, 2, '0000-00-00', '', 18);
INSERT INTO `tAtlet` (`idAtlet`, `idCabangOlahraga`, `idJenisOlahraga`, `idKecamatan`, `namaAtlet`, `tempatLahirAtlet`, `tglLahirAtlet`, `alamatAtlet`, `jenisKelaminAtlet`, `telpAtlet`, `tinggiBadanAtlet`, `beratBadanAtlet`, `spesialisAtlet`, `potensialAtlet`, `statusAtlet`, `tglStatusAtlet`, `fotoAtlet`, `orderAtlet`) VALUES (118, 5, 2, 0, 'Nur Laili Murdiana', 'Bontang', '1996-10-29', 'Jl.', 2, 'xxx', 0, 0, 'Lead, Boulder, Speed', 0, 2, '0000-00-00', '', 19);
INSERT INTO `tAtlet` (`idAtlet`, `idCabangOlahraga`, `idJenisOlahraga`, `idKecamatan`, `namaAtlet`, `tempatLahirAtlet`, `tglLahirAtlet`, `alamatAtlet`, `jenisKelaminAtlet`, `telpAtlet`, `tinggiBadanAtlet`, `beratBadanAtlet`, `spesialisAtlet`, `potensialAtlet`, `statusAtlet`, `tglStatusAtlet`, `fotoAtlet`, `orderAtlet`) VALUES (119, 5, 2, 2, 'Janah', 'Banjarmasin', '1999-01-08', 'Jl. Alalak Utara Banjarmasin', 2, 'xxx', 0, 0, 'Lead, Boulder, Speed', 0, 2, '0000-00-00', '', 20);
INSERT INTO `tAtlet` (`idAtlet`, `idCabangOlahraga`, `idJenisOlahraga`, `idKecamatan`, `namaAtlet`, `tempatLahirAtlet`, `tglLahirAtlet`, `alamatAtlet`, `jenisKelaminAtlet`, `telpAtlet`, `tinggiBadanAtlet`, `beratBadanAtlet`, `spesialisAtlet`, `potensialAtlet`, `statusAtlet`, `tglStatusAtlet`, `fotoAtlet`, `orderAtlet`) VALUES (120, 5, 2, 2, 'Saibah', 'Banjarmasin', '0000-00-00', 'Jl. Alalak Utara Banjarmasin', 2, 'xxx', 0, 0, 'xxx', 0, 2, '0000-00-00', '', 21);
INSERT INTO `tAtlet` (`idAtlet`, `idCabangOlahraga`, `idJenisOlahraga`, `idKecamatan`, `namaAtlet`, `tempatLahirAtlet`, `tglLahirAtlet`, `alamatAtlet`, `jenisKelaminAtlet`, `telpAtlet`, `tinggiBadanAtlet`, `beratBadanAtlet`, `spesialisAtlet`, `potensialAtlet`, `statusAtlet`, `tglStatusAtlet`, `fotoAtlet`, `orderAtlet`) VALUES (121, 5, 2, 3, 'Ricky Arie Saputra', 'Banjarmasin', '1990-03-31', 'Jl. Rawasari Banjarmasin', 1, 'xxx', 0, 0, 'Boulder, Speed', 0, 2, '0000-00-00', '', 22);
INSERT INTO `tAtlet` (`idAtlet`, `idCabangOlahraga`, `idJenisOlahraga`, `idKecamatan`, `namaAtlet`, `tempatLahirAtlet`, `tglLahirAtlet`, `alamatAtlet`, `jenisKelaminAtlet`, `telpAtlet`, `tinggiBadanAtlet`, `beratBadanAtlet`, `spesialisAtlet`, `potensialAtlet`, `statusAtlet`, `tglStatusAtlet`, `fotoAtlet`, `orderAtlet`) VALUES (122, 6, 1, 4, 'Tristania Naisya Naspasya', 'Surabaya', '2001-11-13', 'Jl. Pramuka Komp.Pembina 3 No.19', 2, 'xxx', 0, 0, 'Beginner Chaca, Beginner Rumba', 0, 2, '0000-00-00', '', 1);
INSERT INTO `tAtlet` (`idAtlet`, `idCabangOlahraga`, `idJenisOlahraga`, `idKecamatan`, `namaAtlet`, `tempatLahirAtlet`, `tglLahirAtlet`, `alamatAtlet`, `jenisKelaminAtlet`, `telpAtlet`, `tinggiBadanAtlet`, `beratBadanAtlet`, `spesialisAtlet`, `potensialAtlet`, `statusAtlet`, `tglStatusAtlet`, `fotoAtlet`, `orderAtlet`) VALUES (123, 6, 1, 2, 'Muhammad Yusran', 'Pagatan', '2003-04-06', 'jL. Pangeran ', 1, 'xxx', 0, 0, 'Beginner Chaca, Beginner Rumba', 0, 2, '0000-00-00', '', 2);
INSERT INTO `tAtlet` (`idAtlet`, `idCabangOlahraga`, `idJenisOlahraga`, `idKecamatan`, `namaAtlet`, `tempatLahirAtlet`, `tglLahirAtlet`, `alamatAtlet`, `jenisKelaminAtlet`, `telpAtlet`, `tinggiBadanAtlet`, `beratBadanAtlet`, `spesialisAtlet`, `potensialAtlet`, `statusAtlet`, `tglStatusAtlet`, `fotoAtlet`, `orderAtlet`) VALUES (124, 6, 1, 0, 'Sirajuddin', 'Nagara', '1998-02-12', 'Tatah Layap', 1, 'xxx', 0, 0, 'Novice, Beginner Jive, Beginner Rumba, Beginner Standart, Quick Step, Waltz', 0, 2, '0000-00-00', '', 3);
INSERT INTO `tAtlet` (`idAtlet`, `idCabangOlahraga`, `idJenisOlahraga`, `idKecamatan`, `namaAtlet`, `tempatLahirAtlet`, `tglLahirAtlet`, `alamatAtlet`, `jenisKelaminAtlet`, `telpAtlet`, `tinggiBadanAtlet`, `beratBadanAtlet`, `spesialisAtlet`, `potensialAtlet`, `statusAtlet`, `tglStatusAtlet`, `fotoAtlet`, `orderAtlet`) VALUES (125, 6, 1, 3, 'Cinta Dinda Kajoltriana', 'Banjarmasin', '2003-05-03', 'Jl. Rawasari XIX Banjarmasin', 2, 'xxx', 0, 0, 'FFA Quick Step, Novice & Beginner Standart, Beginner Standart Walz', 0, 2, '0000-00-00', '', 4);
INSERT INTO `tAtlet` (`idAtlet`, `idCabangOlahraga`, `idJenisOlahraga`, `idKecamatan`, `namaAtlet`, `tempatLahirAtlet`, `tglLahirAtlet`, `alamatAtlet`, `jenisKelaminAtlet`, `telpAtlet`, `tinggiBadanAtlet`, `beratBadanAtlet`, `spesialisAtlet`, `potensialAtlet`, `statusAtlet`, `tglStatusAtlet`, `fotoAtlet`, `orderAtlet`) VALUES (126, 6, 1, 2, 'Acmad Rama Rajasa', 'Banjarmasin', '2005-11-23', 'Jl Perdagangan Komp.Permai Blok 9C Banjarmasin', 1, 'xxx', 0, 0, 'Beginner Under 13, Beginner Rumba, Solo Under 10', 0, 2, '0000-00-00', '', 5);
INSERT INTO `tAtlet` (`idAtlet`, `idCabangOlahraga`, `idJenisOlahraga`, `idKecamatan`, `namaAtlet`, `tempatLahirAtlet`, `tglLahirAtlet`, `alamatAtlet`, `jenisKelaminAtlet`, `telpAtlet`, `tinggiBadanAtlet`, `beratBadanAtlet`, `spesialisAtlet`, `potensialAtlet`, `statusAtlet`, `tglStatusAtlet`, `fotoAtlet`, `orderAtlet`) VALUES (127, 6, 1, 1, 'Aniq Ishomi', 'Banjarmasin', '2005-02-26', 'Jl. Kuin Selatan Rt.005', 2, 'xxx', 0, 0, 'Lady lady, Beginner Rumba, Silabus Chaca', 0, 2, '0000-00-00', '', 6);
INSERT INTO `tAtlet` (`idAtlet`, `idCabangOlahraga`, `idJenisOlahraga`, `idKecamatan`, `namaAtlet`, `tempatLahirAtlet`, `tglLahirAtlet`, `alamatAtlet`, `jenisKelaminAtlet`, `telpAtlet`, `tinggiBadanAtlet`, `beratBadanAtlet`, `spesialisAtlet`, `potensialAtlet`, `statusAtlet`, `tglStatusAtlet`, `fotoAtlet`, `orderAtlet`) VALUES (128, 6, 1, 2, 'M. Fauzan', 'Banjarmasin', '2005-04-03', 'Jl. Simpang Cemara', 1, 'xxx', 0, 0, 'xxx', 0, 2, '0000-00-00', '', 7);
INSERT INTO `tAtlet` (`idAtlet`, `idCabangOlahraga`, `idJenisOlahraga`, `idKecamatan`, `namaAtlet`, `tempatLahirAtlet`, `tglLahirAtlet`, `alamatAtlet`, `jenisKelaminAtlet`, `telpAtlet`, `tinggiBadanAtlet`, `beratBadanAtlet`, `spesialisAtlet`, `potensialAtlet`, `statusAtlet`, `tglStatusAtlet`, `fotoAtlet`, `orderAtlet`) VALUES (129, 6, 1, 2, 'Siti Rossa Meriska', 'Banjarmasin', '2008-06-13', 'Jl. Pangeran', 2, 'xxx', 0, 0, 'Beginner Under 13, Beginner Rumba, Umum', 0, 2, '0000-00-00', '', 8);
INSERT INTO `tAtlet` (`idAtlet`, `idCabangOlahraga`, `idJenisOlahraga`, `idKecamatan`, `namaAtlet`, `tempatLahirAtlet`, `tglLahirAtlet`, `alamatAtlet`, `jenisKelaminAtlet`, `telpAtlet`, `tinggiBadanAtlet`, `beratBadanAtlet`, `spesialisAtlet`, `potensialAtlet`, `statusAtlet`, `tglStatusAtlet`, `fotoAtlet`, `orderAtlet`) VALUES (130, 6, 1, 2, 'Sachiko Puteri Felicia', 'Banjarmasin', '2007-12-15', 'Komp. Banjar Indah Komp.Kayu Bulan No.48 Banjarmasin', 2, 'xxx', 0, 0, 'Line Dancesport solo, Line, Lady Lady Chaca, Sincronice chaca Under 12', 0, 2, '0000-00-00', '', 9);
INSERT INTO `tAtlet` (`idAtlet`, `idCabangOlahraga`, `idJenisOlahraga`, `idKecamatan`, `namaAtlet`, `tempatLahirAtlet`, `tglLahirAtlet`, `alamatAtlet`, `jenisKelaminAtlet`, `telpAtlet`, `tinggiBadanAtlet`, `beratBadanAtlet`, `spesialisAtlet`, `potensialAtlet`, `statusAtlet`, `tglStatusAtlet`, `fotoAtlet`, `orderAtlet`) VALUES (131, 6, 1, 5, 'Safwan Ridhani', 'Banjarmasin', '2004-09-01', 'Jl. Meranti III Komp. Indah Lestari Banjarmasin', 1, 'xxx', 0, 0, 'xxx', 0, 2, '0000-00-00', '', 10);
INSERT INTO `tAtlet` (`idAtlet`, `idCabangOlahraga`, `idJenisOlahraga`, `idKecamatan`, `namaAtlet`, `tempatLahirAtlet`, `tglLahirAtlet`, `alamatAtlet`, `jenisKelaminAtlet`, `telpAtlet`, `tinggiBadanAtlet`, `beratBadanAtlet`, `spesialisAtlet`, `potensialAtlet`, `statusAtlet`, `tglStatusAtlet`, `fotoAtlet`, `orderAtlet`) VALUES (132, 6, 1, 3, 'Valennia Putri Vedrian', 'Banjarmasin', '2010-02-14', 'Jl. Wildansari VI Banjarmasin', 2, 'xxx', 0, 0, 'xxx', 0, 2, '0000-00-00', '', 11);
INSERT INTO `tAtlet` (`idAtlet`, `idCabangOlahraga`, `idJenisOlahraga`, `idKecamatan`, `namaAtlet`, `tempatLahirAtlet`, `tglLahirAtlet`, `alamatAtlet`, `jenisKelaminAtlet`, `telpAtlet`, `tinggiBadanAtlet`, `beratBadanAtlet`, `spesialisAtlet`, `potensialAtlet`, `statusAtlet`, `tglStatusAtlet`, `fotoAtlet`, `orderAtlet`) VALUES (133, 6, 1, 3, 'Sasi Rasyda', 'Banjarmasin', '2006-09-07', 'Jl. Bandarmasih Rt.64 Rw.5 Banjarmasin', 2, 'xxx', 0, 0, 'Tradisional Dancesport', 0, 2, '0000-00-00', '', 12);
INSERT INTO `tAtlet` (`idAtlet`, `idCabangOlahraga`, `idJenisOlahraga`, `idKecamatan`, `namaAtlet`, `tempatLahirAtlet`, `tglLahirAtlet`, `alamatAtlet`, `jenisKelaminAtlet`, `telpAtlet`, `tinggiBadanAtlet`, `beratBadanAtlet`, `spesialisAtlet`, `potensialAtlet`, `statusAtlet`, `tglStatusAtlet`, `fotoAtlet`, `orderAtlet`) VALUES (134, 6, 1, 0, 'Ahmad Fauzi', 'xxx', '0000-00-00', 'xxx', 1, 'xxx', 0, 0, 'xxx', 0, 2, '0000-00-00', '', 13);
INSERT INTO `tAtlet` (`idAtlet`, `idCabangOlahraga`, `idJenisOlahraga`, `idKecamatan`, `namaAtlet`, `tempatLahirAtlet`, `tglLahirAtlet`, `alamatAtlet`, `jenisKelaminAtlet`, `telpAtlet`, `tinggiBadanAtlet`, `beratBadanAtlet`, `spesialisAtlet`, `potensialAtlet`, `statusAtlet`, `tglStatusAtlet`, `fotoAtlet`, `orderAtlet`) VALUES (135, 6, 1, 1, 'Siti Nur Zanjabila', 'Banjarmasin', '2005-03-03', 'Jl. Belitung Darat Komp. Amal Saleh Rt.13 Banjarmasin', 2, 'xxx', 0, 0, 'Tradisional Dancesport', 0, 2, '0000-00-00', '', 14);
INSERT INTO `tAtlet` (`idAtlet`, `idCabangOlahraga`, `idJenisOlahraga`, `idKecamatan`, `namaAtlet`, `tempatLahirAtlet`, `tglLahirAtlet`, `alamatAtlet`, `jenisKelaminAtlet`, `telpAtlet`, `tinggiBadanAtlet`, `beratBadanAtlet`, `spesialisAtlet`, `potensialAtlet`, `statusAtlet`, `tglStatusAtlet`, `fotoAtlet`, `orderAtlet`) VALUES (136, 6, 1, 0, 'Aprillia Maulidiyya Humaira', 'xxx', '0000-00-00', 'xxx', 2, 'xxx', 0, 0, 'xxx', 0, 2, '0000-00-00', '', 15);
INSERT INTO `tAtlet` (`idAtlet`, `idCabangOlahraga`, `idJenisOlahraga`, `idKecamatan`, `namaAtlet`, `tempatLahirAtlet`, `tglLahirAtlet`, `alamatAtlet`, `jenisKelaminAtlet`, `telpAtlet`, `tinggiBadanAtlet`, `beratBadanAtlet`, `spesialisAtlet`, `potensialAtlet`, `statusAtlet`, `tglStatusAtlet`, `fotoAtlet`, `orderAtlet`) VALUES (137, 6, 1, 0, 'Asmirya Nur Sahara', 'xxx', '0000-00-00', 'xxx', 2, 'xxx', 0, 0, 'xxx', 0, 2, '0000-00-00', '', 16);
INSERT INTO `tAtlet` (`idAtlet`, `idCabangOlahraga`, `idJenisOlahraga`, `idKecamatan`, `namaAtlet`, `tempatLahirAtlet`, `tglLahirAtlet`, `alamatAtlet`, `jenisKelaminAtlet`, `telpAtlet`, `tinggiBadanAtlet`, `beratBadanAtlet`, `spesialisAtlet`, `potensialAtlet`, `statusAtlet`, `tglStatusAtlet`, `fotoAtlet`, `orderAtlet`) VALUES (138, 6, 1, 0, 'Astrid', 'xxx', '0000-00-00', 'xxx', 2, 'xxx', 0, 0, 'xxx', 0, 2, '0000-00-00', '', 17);
INSERT INTO `tAtlet` (`idAtlet`, `idCabangOlahraga`, `idJenisOlahraga`, `idKecamatan`, `namaAtlet`, `tempatLahirAtlet`, `tglLahirAtlet`, `alamatAtlet`, `jenisKelaminAtlet`, `telpAtlet`, `tinggiBadanAtlet`, `beratBadanAtlet`, `spesialisAtlet`, `potensialAtlet`, `statusAtlet`, `tglStatusAtlet`, `fotoAtlet`, `orderAtlet`) VALUES (139, 6, 1, 2, 'Azra Amanda Putri', 'Banjarmasin', '2005-03-17', 'Komp. Kayu Tanjung Rt.20 No.108 Kayu Tangi Banjarmasin', 2, 'xxx', 0, 0, 'Beginner Rumba, Beginner Jive, Novice', 0, 2, '0000-00-00', '', 18);
INSERT INTO `tAtlet` (`idAtlet`, `idCabangOlahraga`, `idJenisOlahraga`, `idKecamatan`, `namaAtlet`, `tempatLahirAtlet`, `tglLahirAtlet`, `alamatAtlet`, `jenisKelaminAtlet`, `telpAtlet`, `tinggiBadanAtlet`, `beratBadanAtlet`, `spesialisAtlet`, `potensialAtlet`, `statusAtlet`, `tglStatusAtlet`, `fotoAtlet`, `orderAtlet`) VALUES (140, 6, 1, 2, 'Dinda Loveliza', 'Banjarmasin', '1997-12-12', 'Jl. HKSN Komp.AMD Blok A 23 No.46', 2, 'xxx', 0, 0, 'Beginner Walzt, Beginner Quick Step', 0, 2, '0000-00-00', '', 19);
INSERT INTO `tAtlet` (`idAtlet`, `idCabangOlahraga`, `idJenisOlahraga`, `idKecamatan`, `namaAtlet`, `tempatLahirAtlet`, `tglLahirAtlet`, `alamatAtlet`, `jenisKelaminAtlet`, `telpAtlet`, `tinggiBadanAtlet`, `beratBadanAtlet`, `spesialisAtlet`, `potensialAtlet`, `statusAtlet`, `tglStatusAtlet`, `fotoAtlet`, `orderAtlet`) VALUES (141, 6, 1, 5, 'Ilham', 'Banjarmasin', '1997-10-14', 'Jl. Kelayan Besar Tanjung Pagar Rt.01 Banjarmasin', 1, 'xxx', 0, 0, 'Beginner Walzt, Beginner Quick Step', 0, 2, '0000-00-00', '', 20);
INSERT INTO `tAtlet` (`idAtlet`, `idCabangOlahraga`, `idJenisOlahraga`, `idKecamatan`, `namaAtlet`, `tempatLahirAtlet`, `tglLahirAtlet`, `alamatAtlet`, `jenisKelaminAtlet`, `telpAtlet`, `tinggiBadanAtlet`, `beratBadanAtlet`, `spesialisAtlet`, `potensialAtlet`, `statusAtlet`, `tglStatusAtlet`, `fotoAtlet`, `orderAtlet`) VALUES (142, 6, 1, 0, 'Nailin Munira', 'xxx', '0000-00-00', 'xxx', 2, 'xxx', 0, 0, 'xxx', 0, 2, '0000-00-00', '', 21);
INSERT INTO `tAtlet` (`idAtlet`, `idCabangOlahraga`, `idJenisOlahraga`, `idKecamatan`, `namaAtlet`, `tempatLahirAtlet`, `tglLahirAtlet`, `alamatAtlet`, `jenisKelaminAtlet`, `telpAtlet`, `tinggiBadanAtlet`, `beratBadanAtlet`, `spesialisAtlet`, `potensialAtlet`, `statusAtlet`, `tglStatusAtlet`, `fotoAtlet`, `orderAtlet`) VALUES (143, 6, 1, 4, 'Rafa Airora', 'Banjarmasin', '2007-03-26', 'Jl. Pramuka No.26', 2, 'xxx', 0, 0, '', 0, 2, '0000-00-00', '', 22);
INSERT INTO `tAtlet` (`idAtlet`, `idCabangOlahraga`, `idJenisOlahraga`, `idKecamatan`, `namaAtlet`, `tempatLahirAtlet`, `tglLahirAtlet`, `alamatAtlet`, `jenisKelaminAtlet`, `telpAtlet`, `tinggiBadanAtlet`, `beratBadanAtlet`, `spesialisAtlet`, `potensialAtlet`, `statusAtlet`, `tglStatusAtlet`, `fotoAtlet`, `orderAtlet`) VALUES (144, 6, 1, 0, 'Salzabil Putri', 'xxx', '0000-00-00', 'xxx', 2, 'xxx', 0, 0, 'xxx', 0, 2, '0000-00-00', '', 23);
INSERT INTO `tAtlet` (`idAtlet`, `idCabangOlahraga`, `idJenisOlahraga`, `idKecamatan`, `namaAtlet`, `tempatLahirAtlet`, `tglLahirAtlet`, `alamatAtlet`, `jenisKelaminAtlet`, `telpAtlet`, `tinggiBadanAtlet`, `beratBadanAtlet`, `spesialisAtlet`, `potensialAtlet`, `statusAtlet`, `tglStatusAtlet`, `fotoAtlet`, `orderAtlet`) VALUES (145, 6, 1, 2, 'Siti Raisa Miranda', 'Banjarmasin', '2004-12-25', 'Jl. Pangeran', 2, 'xxx', 0, 0, 'xxx', 0, 2, '0000-00-00', '', 24);
INSERT INTO `tAtlet` (`idAtlet`, `idCabangOlahraga`, `idJenisOlahraga`, `idKecamatan`, `namaAtlet`, `tempatLahirAtlet`, `tglLahirAtlet`, `alamatAtlet`, `jenisKelaminAtlet`, `telpAtlet`, `tinggiBadanAtlet`, `beratBadanAtlet`, `spesialisAtlet`, `potensialAtlet`, `statusAtlet`, `tglStatusAtlet`, `fotoAtlet`, `orderAtlet`) VALUES (146, 6, 1, 4, 'Tristan Nathan Naurell Prasetyo', 'Banjarmasin', '2007-10-03', 'Jl. Pramuka Komp. Perum Sentral 3 No.19 A Banjarmasin', 2, 'xxx', 0, 0, 'umum', 0, 2, '0000-00-00', '', 25);
INSERT INTO `tAtlet` (`idAtlet`, `idCabangOlahraga`, `idJenisOlahraga`, `idKecamatan`, `namaAtlet`, `tempatLahirAtlet`, `tglLahirAtlet`, `alamatAtlet`, `jenisKelaminAtlet`, `telpAtlet`, `tinggiBadanAtlet`, `beratBadanAtlet`, `spesialisAtlet`, `potensialAtlet`, `statusAtlet`, `tglStatusAtlet`, `fotoAtlet`, `orderAtlet`) VALUES (147, 6, 1, 0, 'Fazrianoor', 'xxx', '0000-00-00', 'xxx', 1, 'xxx', 0, 0, 'Tradisional Dancesport', 0, 2, '0000-00-00', '', 26);
INSERT INTO `tAtlet` (`idAtlet`, `idCabangOlahraga`, `idJenisOlahraga`, `idKecamatan`, `namaAtlet`, `tempatLahirAtlet`, `tglLahirAtlet`, `alamatAtlet`, `jenisKelaminAtlet`, `telpAtlet`, `tinggiBadanAtlet`, `beratBadanAtlet`, `spesialisAtlet`, `potensialAtlet`, `statusAtlet`, `tglStatusAtlet`, `fotoAtlet`, `orderAtlet`) VALUES (148, 7, 3, 3, 'Hanas Akbarullah Saputra', 'Batu Mulya', '1988-12-21', 'Jl. Sutoyo S Gg. ST No.55 Banjarmasin', 1, 'xxx', 0, 0, 'Air Rifle', 0, 2, '0000-00-00', '', 1);
INSERT INTO `tAtlet` (`idAtlet`, `idCabangOlahraga`, `idJenisOlahraga`, `idKecamatan`, `namaAtlet`, `tempatLahirAtlet`, `tglLahirAtlet`, `alamatAtlet`, `jenisKelaminAtlet`, `telpAtlet`, `tinggiBadanAtlet`, `beratBadanAtlet`, `spesialisAtlet`, `potensialAtlet`, `statusAtlet`, `tglStatusAtlet`, `fotoAtlet`, `orderAtlet`) VALUES (149, 7, 3, 3, 'I Made Dwi Jendra', 'Banjarmasin', '1999-07-01', 'Jl. Sutoyo S Asrama PHB Rrt.20 Rw.02 Banjarmasin', 1, 'xxx', 0, 0, 'Air Rifle', 0, 2, '0000-00-00', '', 2);
INSERT INTO `tAtlet` (`idAtlet`, `idCabangOlahraga`, `idJenisOlahraga`, `idKecamatan`, `namaAtlet`, `tempatLahirAtlet`, `tglLahirAtlet`, `alamatAtlet`, `jenisKelaminAtlet`, `telpAtlet`, `tinggiBadanAtlet`, `beratBadanAtlet`, `spesialisAtlet`, `potensialAtlet`, `statusAtlet`, `tglStatusAtlet`, `fotoAtlet`, `orderAtlet`) VALUES (150, 7, 3, 1, 'Raihan Haidir', 'Banjarmasin', '2000-05-04', 'Jl. Simpang Anem Gg.17 Agustus No.137 Banjarmasin', 1, 'xxx', 0, 0, 'Air Rifle', 0, 2, '0000-00-00', '', 3);
INSERT INTO `tAtlet` (`idAtlet`, `idCabangOlahraga`, `idJenisOlahraga`, `idKecamatan`, `namaAtlet`, `tempatLahirAtlet`, `tglLahirAtlet`, `alamatAtlet`, `jenisKelaminAtlet`, `telpAtlet`, `tinggiBadanAtlet`, `beratBadanAtlet`, `spesialisAtlet`, `potensialAtlet`, `statusAtlet`, `tglStatusAtlet`, `fotoAtlet`, `orderAtlet`) VALUES (151, 7, 3, 1, 'Muhammad Azhari', 'Banjarmasin', '2001-08-25', 'Jl. Kuin Selatan Gg. Pondok Pinang Banjarmasin', 1, 'xxx', 0, 0, 'Air Rifle', 0, 2, '0000-00-00', '', 4);
INSERT INTO `tAtlet` (`idAtlet`, `idCabangOlahraga`, `idJenisOlahraga`, `idKecamatan`, `namaAtlet`, `tempatLahirAtlet`, `tglLahirAtlet`, `alamatAtlet`, `jenisKelaminAtlet`, `telpAtlet`, `tinggiBadanAtlet`, `beratBadanAtlet`, `spesialisAtlet`, `potensialAtlet`, `statusAtlet`, `tglStatusAtlet`, `fotoAtlet`, `orderAtlet`) VALUES (152, 7, 3, 5, 'Wismoyo Ismunandar', 'Banjarmasin', '2002-07-08', 'Jl. K.S. Tubun Gg. Keluarga 1 No.41 Rtr.13 Banjarmasin', 1, 'xxx', 0, 0, 'Air Rifle', 0, 2, '0000-00-00', '', 5);
INSERT INTO `tAtlet` (`idAtlet`, `idCabangOlahraga`, `idJenisOlahraga`, `idKecamatan`, `namaAtlet`, `tempatLahirAtlet`, `tglLahirAtlet`, `alamatAtlet`, `jenisKelaminAtlet`, `telpAtlet`, `tinggiBadanAtlet`, `beratBadanAtlet`, `spesialisAtlet`, `potensialAtlet`, `statusAtlet`, `tglStatusAtlet`, `fotoAtlet`, `orderAtlet`) VALUES (153, 7, 3, 1, 'Muhammad Hafiz', 'Martapura', '2005-08-25', 'Jl. Kelayan B Gg. Gembira Rt.014 Banjarmasin', 1, 'xxx', 0, 0, 'Air Rifle', 0, 2, '0000-00-00', '', 6);
INSERT INTO `tAtlet` (`idAtlet`, `idCabangOlahraga`, `idJenisOlahraga`, `idKecamatan`, `namaAtlet`, `tempatLahirAtlet`, `tglLahirAtlet`, `alamatAtlet`, `jenisKelaminAtlet`, `telpAtlet`, `tinggiBadanAtlet`, `beratBadanAtlet`, `spesialisAtlet`, `potensialAtlet`, `statusAtlet`, `tglStatusAtlet`, `fotoAtlet`, `orderAtlet`) VALUES (154, 7, 3, 3, 'Davin Rosyiid Wibowo', 'Samarinda', '1999-07-14', 'Jl. Sutoyo S Asrama PHB Rt.20 Banjarmasin', 1, 'xxx', 0, 0, 'Air Rifle', 0, 2, '0000-00-00', '', 7);
INSERT INTO `tAtlet` (`idAtlet`, `idCabangOlahraga`, `idJenisOlahraga`, `idKecamatan`, `namaAtlet`, `tempatLahirAtlet`, `tglLahirAtlet`, `alamatAtlet`, `jenisKelaminAtlet`, `telpAtlet`, `tinggiBadanAtlet`, `beratBadanAtlet`, `spesialisAtlet`, `potensialAtlet`, `statusAtlet`, `tglStatusAtlet`, `fotoAtlet`, `orderAtlet`) VALUES (155, 7, 3, 2, 'Khairunnisa Salsabela', 'Banjarmasin', '1998-08-22', 'Jl. Sultan Adam Komp.Mahligai Blok C No.12 Banjarmasin', 2, 'xxx', 0, 0, 'Air Rifle', 0, 2, '0000-00-00', '', 8);
INSERT INTO `tAtlet` (`idAtlet`, `idCabangOlahraga`, `idJenisOlahraga`, `idKecamatan`, `namaAtlet`, `tempatLahirAtlet`, `tglLahirAtlet`, `alamatAtlet`, `jenisKelaminAtlet`, `telpAtlet`, `tinggiBadanAtlet`, `beratBadanAtlet`, `spesialisAtlet`, `potensialAtlet`, `statusAtlet`, `tglStatusAtlet`, `fotoAtlet`, `orderAtlet`) VALUES (156, 7, 3, 1, 'Nada Aulia', 'Buntok', '1999-08-01', 'Jl. Simpang Kuin Selatan Rt.020 Rw.002 Banjarmasin', 2, 'xxx', 0, 0, 'Air Rifle', 0, 2, '0000-00-00', '', 9);
INSERT INTO `tAtlet` (`idAtlet`, `idCabangOlahraga`, `idJenisOlahraga`, `idKecamatan`, `namaAtlet`, `tempatLahirAtlet`, `tglLahirAtlet`, `alamatAtlet`, `jenisKelaminAtlet`, `telpAtlet`, `tinggiBadanAtlet`, `beratBadanAtlet`, `spesialisAtlet`, `potensialAtlet`, `statusAtlet`, `tglStatusAtlet`, `fotoAtlet`, `orderAtlet`) VALUES (157, 7, 3, 5, 'Rahma Syifa', 'Banjarmasin', '1999-06-13', 'Jl. Kelayan B Timur No.260 Banjarmasin', 2, 'xxx', 0, 0, 'Air Rifle', 0, 2, '0000-00-00', '', 10);
INSERT INTO `tAtlet` (`idAtlet`, `idCabangOlahraga`, `idJenisOlahraga`, `idKecamatan`, `namaAtlet`, `tempatLahirAtlet`, `tglLahirAtlet`, `alamatAtlet`, `jenisKelaminAtlet`, `telpAtlet`, `tinggiBadanAtlet`, `beratBadanAtlet`, `spesialisAtlet`, `potensialAtlet`, `statusAtlet`, `tglStatusAtlet`, `fotoAtlet`, `orderAtlet`) VALUES (158, 7, 3, 3, 'Anmaria Verena Cia', 'Banjarmasin', '2002-09-01', 'Jl. Sutoyo S No.37 Rt.08 Rw.01 Banjarmasin', 2, 'xxx', 0, 0, 'Air Rifle', 0, 2, '0000-00-00', '', 11);
INSERT INTO `tAtlet` (`idAtlet`, `idCabangOlahraga`, `idJenisOlahraga`, `idKecamatan`, `namaAtlet`, `tempatLahirAtlet`, `tglLahirAtlet`, `alamatAtlet`, `jenisKelaminAtlet`, `telpAtlet`, `tinggiBadanAtlet`, `beratBadanAtlet`, `spesialisAtlet`, `potensialAtlet`, `statusAtlet`, `tglStatusAtlet`, `fotoAtlet`, `orderAtlet`) VALUES (159, 7, 3, 3, 'Agnes Veronique Cia', 'Banjarmasin', '2003-08-16', 'Jl. Sutoyo S No.37 Rt.08 Rw.01 Banjarmasin', 2, 'xxx', 0, 0, 'Air Rifle', 0, 2, '0000-00-00', '', 12);
INSERT INTO `tAtlet` (`idAtlet`, `idCabangOlahraga`, `idJenisOlahraga`, `idKecamatan`, `namaAtlet`, `tempatLahirAtlet`, `tglLahirAtlet`, `alamatAtlet`, `jenisKelaminAtlet`, `telpAtlet`, `tinggiBadanAtlet`, `beratBadanAtlet`, `spesialisAtlet`, `potensialAtlet`, `statusAtlet`, `tglStatusAtlet`, `fotoAtlet`, `orderAtlet`) VALUES (160, 7, 3, 2, 'Adinda Tri Maharani', 'Banjarmasin', '2001-11-14', 'Jl. Padat Karya Komp.Perdana Mandiri Blok D No.18 Banjarmasin', 2, 'xxx', 0, 0, 'Air Rifle', 0, 2, '0000-00-00', '', 13);
INSERT INTO `tAtlet` (`idAtlet`, `idCabangOlahraga`, `idJenisOlahraga`, `idKecamatan`, `namaAtlet`, `tempatLahirAtlet`, `tglLahirAtlet`, `alamatAtlet`, `jenisKelaminAtlet`, `telpAtlet`, `tinggiBadanAtlet`, `beratBadanAtlet`, `spesialisAtlet`, `potensialAtlet`, `statusAtlet`, `tglStatusAtlet`, `fotoAtlet`, `orderAtlet`) VALUES (161, 7, 3, 1, 'Lailian Dini Arafa', 'Banjarmasin', '2007-07-13', 'Jl. Tembus Gg.Karya VII Rt.006 Belitung Darat Banjarmasin', 2, 'xxx', 0, 0, 'Air Rifle', 0, 2, '0000-00-00', '', 14);
INSERT INTO `tAtlet` (`idAtlet`, `idCabangOlahraga`, `idJenisOlahraga`, `idKecamatan`, `namaAtlet`, `tempatLahirAtlet`, `tglLahirAtlet`, `alamatAtlet`, `jenisKelaminAtlet`, `telpAtlet`, `tinggiBadanAtlet`, `beratBadanAtlet`, `spesialisAtlet`, `potensialAtlet`, `statusAtlet`, `tglStatusAtlet`, `fotoAtlet`, `orderAtlet`) VALUES (162, 7, 3, 4, 'Deny Pratama', 'Balikpapan', '1995-02-10', 'Jl. Veteran Komp. A.Yani II Rt.26 No.32 Banjarmasin', 1, 'xxx', 0, 0, 'Air Pistol', 0, 2, '0000-00-00', '', 15);
INSERT INTO `tAtlet` (`idAtlet`, `idCabangOlahraga`, `idJenisOlahraga`, `idKecamatan`, `namaAtlet`, `tempatLahirAtlet`, `tglLahirAtlet`, `alamatAtlet`, `jenisKelaminAtlet`, `telpAtlet`, `tinggiBadanAtlet`, `beratBadanAtlet`, `spesialisAtlet`, `potensialAtlet`, `statusAtlet`, `tglStatusAtlet`, `fotoAtlet`, `orderAtlet`) VALUES (163, 7, 3, 3, 'Michael Jonathan Cia', 'Banjarmasin', '1995-10-26', 'Jl. Sutoyo S No.37 Rt.08 Banjarmasin', 1, 'xxx', 0, 0, 'Air Pistol', 0, 2, '0000-00-00', '', 16);
INSERT INTO `tAtlet` (`idAtlet`, `idCabangOlahraga`, `idJenisOlahraga`, `idKecamatan`, `namaAtlet`, `tempatLahirAtlet`, `tglLahirAtlet`, `alamatAtlet`, `jenisKelaminAtlet`, `telpAtlet`, `tinggiBadanAtlet`, `beratBadanAtlet`, `spesialisAtlet`, `potensialAtlet`, `statusAtlet`, `tglStatusAtlet`, `fotoAtlet`, `orderAtlet`) VALUES (164, 7, 3, 4, 'Antonius Kevin Khoesasih', 'Banjarmasin', '2002-01-08', 'Jl.  Gatot Subroto  X No.16 Rt.27 Rw.02 Banjarmasin', 1, 'xxx', 0, 0, 'Air Pistol', 0, 2, '0000-00-00', '', 17);
INSERT INTO `tAtlet` (`idAtlet`, `idCabangOlahraga`, `idJenisOlahraga`, `idKecamatan`, `namaAtlet`, `tempatLahirAtlet`, `tglLahirAtlet`, `alamatAtlet`, `jenisKelaminAtlet`, `telpAtlet`, `tinggiBadanAtlet`, `beratBadanAtlet`, `spesialisAtlet`, `potensialAtlet`, `statusAtlet`, `tglStatusAtlet`, `fotoAtlet`, `orderAtlet`) VALUES (165, 7, 3, 3, 'Alif Saputra Rahman Hakim', 'Banjarmasin', '2002-02-05', 'Jl. Sutoyo S Gg.21 No.26 Banjarmasin', 1, 'xxx', 0, 0, 'Air Pistol', 0, 2, '0000-00-00', '', 18);
INSERT INTO `tAtlet` (`idAtlet`, `idCabangOlahraga`, `idJenisOlahraga`, `idKecamatan`, `namaAtlet`, `tempatLahirAtlet`, `tglLahirAtlet`, `alamatAtlet`, `jenisKelaminAtlet`, `telpAtlet`, `tinggiBadanAtlet`, `beratBadanAtlet`, `spesialisAtlet`, `potensialAtlet`, `statusAtlet`, `tglStatusAtlet`, `fotoAtlet`, `orderAtlet`) VALUES (166, 7, 3, 1, 'Nizhar Muhammad Afdie', 'Banjarmasin', '2004-05-06', 'Jl. Purnasakti Jalur 10 Komp.Surya Sakti Blok D No.3 Banjarmasin', 1, 'xxx', 0, 0, 'Air Pistol', 0, 2, '0000-00-00', '', 19);
INSERT INTO `tAtlet` (`idAtlet`, `idCabangOlahraga`, `idJenisOlahraga`, `idKecamatan`, `namaAtlet`, `tempatLahirAtlet`, `tglLahirAtlet`, `alamatAtlet`, `jenisKelaminAtlet`, `telpAtlet`, `tinggiBadanAtlet`, `beratBadanAtlet`, `spesialisAtlet`, `potensialAtlet`, `statusAtlet`, `tglStatusAtlet`, `fotoAtlet`, `orderAtlet`) VALUES (167, 7, 3, 2, 'Muhammad Najib', 'Banjarmasin', '2002-11-17', 'Jl. Merpati II Blok VIII-1 No.15 Perumnas BLB Rt.011 Banjarmasin', 1, 'xxx', 0, 0, 'Air Pistol', 0, 2, '0000-00-00', '', 20);
INSERT INTO `tAtlet` (`idAtlet`, `idCabangOlahraga`, `idJenisOlahraga`, `idKecamatan`, `namaAtlet`, `tempatLahirAtlet`, `tglLahirAtlet`, `alamatAtlet`, `jenisKelaminAtlet`, `telpAtlet`, `tinggiBadanAtlet`, `beratBadanAtlet`, `spesialisAtlet`, `potensialAtlet`, `statusAtlet`, `tglStatusAtlet`, `fotoAtlet`, `orderAtlet`) VALUES (168, 7, 3, 2, 'M. Owen Cahyadi', 'Boyolali', '2003-03-20', 'Jl. Padat Karya Komp. Perdana Mandiri Blok F No.29 Banjarmasin', 1, 'xxx', 0, 0, 'Air Pistol', 0, 2, '0000-00-00', '', 21);
INSERT INTO `tAtlet` (`idAtlet`, `idCabangOlahraga`, `idJenisOlahraga`, `idKecamatan`, `namaAtlet`, `tempatLahirAtlet`, `tglLahirAtlet`, `alamatAtlet`, `jenisKelaminAtlet`, `telpAtlet`, `tinggiBadanAtlet`, `beratBadanAtlet`, `spesialisAtlet`, `potensialAtlet`, `statusAtlet`, `tglStatusAtlet`, `fotoAtlet`, `orderAtlet`) VALUES (169, 7, 3, 3, 'Reagen Hakim Wibowo', 'Banjarmasin', '2006-08-28', 'Jl. Sutoyo S Asrama PHB Rt.020 Rw.002 Banjarmasin', 1, 'xxx', 0, 0, 'Air Pistol', 0, 2, '0000-00-00', '', 22);
INSERT INTO `tAtlet` (`idAtlet`, `idCabangOlahraga`, `idJenisOlahraga`, `idKecamatan`, `namaAtlet`, `tempatLahirAtlet`, `tglLahirAtlet`, `alamatAtlet`, `jenisKelaminAtlet`, `telpAtlet`, `tinggiBadanAtlet`, `beratBadanAtlet`, `spesialisAtlet`, `potensialAtlet`, `statusAtlet`, `tglStatusAtlet`, `fotoAtlet`, `orderAtlet`) VALUES (170, 7, 3, 4, 'M. Kevin Fahrezi', 'Banjarmasin', '2005-07-08', 'Jl. Pekapuran A Rt. 12 Rw. 02 No.15 Banjarmasin', 1, 'xxx', 0, 0, 'Air Pistol', 0, 2, '0000-00-00', '', 23);
INSERT INTO `tAtlet` (`idAtlet`, `idCabangOlahraga`, `idJenisOlahraga`, `idKecamatan`, `namaAtlet`, `tempatLahirAtlet`, `tglLahirAtlet`, `alamatAtlet`, `jenisKelaminAtlet`, `telpAtlet`, `tinggiBadanAtlet`, `beratBadanAtlet`, `spesialisAtlet`, `potensialAtlet`, `statusAtlet`, `tglStatusAtlet`, `fotoAtlet`, `orderAtlet`) VALUES (171, 7, 3, 4, 'Masrufah', 'Banjarmasin', '1991-11-30', 'Jl. Veteran Komp. A. Yani II Rt.26 No.32 Banjarmasin', 2, 'xxx', 0, 0, 'Air Pistol', 0, 2, '0000-00-00', '', 24);
INSERT INTO `tAtlet` (`idAtlet`, `idCabangOlahraga`, `idJenisOlahraga`, `idKecamatan`, `namaAtlet`, `tempatLahirAtlet`, `tglLahirAtlet`, `alamatAtlet`, `jenisKelaminAtlet`, `telpAtlet`, `tinggiBadanAtlet`, `beratBadanAtlet`, `spesialisAtlet`, `potensialAtlet`, `statusAtlet`, `tglStatusAtlet`, `fotoAtlet`, `orderAtlet`) VALUES (172, 7, 3, 1, 'Nur Cahaya', 'Buntok', '1994-08-22', 'Jl. Simpang Kuin Selatan Rt.020 Rw. 002 Banjarmasin', 2, 'xxx', 0, 0, 'Air Pistol', 0, 2, '0000-00-00', '', 25);
INSERT INTO `tAtlet` (`idAtlet`, `idCabangOlahraga`, `idJenisOlahraga`, `idKecamatan`, `namaAtlet`, `tempatLahirAtlet`, `tglLahirAtlet`, `alamatAtlet`, `jenisKelaminAtlet`, `telpAtlet`, `tinggiBadanAtlet`, `beratBadanAtlet`, `spesialisAtlet`, `potensialAtlet`, `statusAtlet`, `tglStatusAtlet`, `fotoAtlet`, `orderAtlet`) VALUES (173, 7, 3, 3, 'Ulan Sari', 'Palangkaraya', '2000-03-18', 'Jl. Sutoyo S Asrama PHB Rt.20 Rw.002 Banjarmasin', 2, 'xxx', 0, 0, 'Air Pistol', 0, 2, '0000-00-00', '', 26);
INSERT INTO `tAtlet` (`idAtlet`, `idCabangOlahraga`, `idJenisOlahraga`, `idKecamatan`, `namaAtlet`, `tempatLahirAtlet`, `tglLahirAtlet`, `alamatAtlet`, `jenisKelaminAtlet`, `telpAtlet`, `tinggiBadanAtlet`, `beratBadanAtlet`, `spesialisAtlet`, `potensialAtlet`, `statusAtlet`, `tglStatusAtlet`, `fotoAtlet`, `orderAtlet`) VALUES (174, 7, 3, 1, 'Radhiya', 'Banjarmasin', '2003-04-24', 'Jl. Simpang Kuin Selatan No.1 Banjarmasin', 2, 'xxx', 0, 0, 'Air Pistol', 0, 2, '0000-00-00', '', 27);
INSERT INTO `tAtlet` (`idAtlet`, `idCabangOlahraga`, `idJenisOlahraga`, `idKecamatan`, `namaAtlet`, `tempatLahirAtlet`, `tglLahirAtlet`, `alamatAtlet`, `jenisKelaminAtlet`, `telpAtlet`, `tinggiBadanAtlet`, `beratBadanAtlet`, `spesialisAtlet`, `potensialAtlet`, `statusAtlet`, `tglStatusAtlet`, `fotoAtlet`, `orderAtlet`) VALUES (175, 7, 3, 1, 'Mauliya Salsabila', 'Banjarmasin', '2004-04-25', 'Jl. Simpang Anem Gg.17 Agustus No.137 Banjarmasin', 2, 'xxx', 0, 0, 'Air Pistol', 0, 2, '0000-00-00', '', 28);
INSERT INTO `tAtlet` (`idAtlet`, `idCabangOlahraga`, `idJenisOlahraga`, `idKecamatan`, `namaAtlet`, `tempatLahirAtlet`, `tglLahirAtlet`, `alamatAtlet`, `jenisKelaminAtlet`, `telpAtlet`, `tinggiBadanAtlet`, `beratBadanAtlet`, `spesialisAtlet`, `potensialAtlet`, `statusAtlet`, `tglStatusAtlet`, `fotoAtlet`, `orderAtlet`) VALUES (176, 7, 3, 2, 'Nikmah Ayu Nabela', 'Banjarmasin', '2001-09-25', 'Jl. Sultan Adam Komp. Mahligai No.41 Rt.12 A Banjarmasin', 2, 'xxx', 0, 0, 'Air Pistol', 0, 2, '0000-00-00', '', 29);
INSERT INTO `tAtlet` (`idAtlet`, `idCabangOlahraga`, `idJenisOlahraga`, `idKecamatan`, `namaAtlet`, `tempatLahirAtlet`, `tglLahirAtlet`, `alamatAtlet`, `jenisKelaminAtlet`, `telpAtlet`, `tinggiBadanAtlet`, `beratBadanAtlet`, `spesialisAtlet`, `potensialAtlet`, `statusAtlet`, `tglStatusAtlet`, `fotoAtlet`, `orderAtlet`) VALUES (177, 7, 3, 3, 'Novia Puspa Dewi', 'Banjarmasin', '1997-11-03', 'Jl. Sutoyo S Asrama PHB Rt.20 Rw.02 Banjarmasin', 0, 'xxx', 0, 0, 'Air Pistol', 0, 2, '0000-00-00', '', 30);
INSERT INTO `tAtlet` (`idAtlet`, `idCabangOlahraga`, `idJenisOlahraga`, `idKecamatan`, `namaAtlet`, `tempatLahirAtlet`, `tglLahirAtlet`, `alamatAtlet`, `jenisKelaminAtlet`, `telpAtlet`, `tinggiBadanAtlet`, `beratBadanAtlet`, `spesialisAtlet`, `potensialAtlet`, `statusAtlet`, `tglStatusAtlet`, `fotoAtlet`, `orderAtlet`) VALUES (178, 7, 3, 1, 'Annisa', 'Banjarmasin', '1999-01-28', 'Jl. Kuin Selatan No.30 Rt.09 Rw.01 Banjarmasin', 2, 'xxx', 0, 0, 'Air Pistol', 0, 2, '0000-00-00', '', 31);
INSERT INTO `tAtlet` (`idAtlet`, `idCabangOlahraga`, `idJenisOlahraga`, `idKecamatan`, `namaAtlet`, `tempatLahirAtlet`, `tglLahirAtlet`, `alamatAtlet`, `jenisKelaminAtlet`, `telpAtlet`, `tinggiBadanAtlet`, `beratBadanAtlet`, `spesialisAtlet`, `potensialAtlet`, `statusAtlet`, `tglStatusAtlet`, `fotoAtlet`, `orderAtlet`) VALUES (179, 7, 3, 2, 'Nur Annida Mumtaz', 'Kotabaru', '2002-10-23', 'Jl. AMD Komp. Abdi Persada I No. 28  Rt.002 Banjarmasin', 2, 'xxx', 0, 0, 'Air Pistol', 0, 2, '0000-00-00', '', 32);
INSERT INTO `tAtlet` (`idAtlet`, `idCabangOlahraga`, `idJenisOlahraga`, `idKecamatan`, `namaAtlet`, `tempatLahirAtlet`, `tglLahirAtlet`, `alamatAtlet`, `jenisKelaminAtlet`, `telpAtlet`, `tinggiBadanAtlet`, `beratBadanAtlet`, `spesialisAtlet`, `potensialAtlet`, `statusAtlet`, `tglStatusAtlet`, `fotoAtlet`, `orderAtlet`) VALUES (180, 7, 3, 3, 'Winda Emelia', 'Banjarmasin', '2004-05-24', 'Jl. Sutoyo S Gg. Bina Bahari No.26 Rt.005 Banjarmasin', 2, 'xxx', 0, 0, 'Air Pistol', 0, 2, '0000-00-00', '', 33);
INSERT INTO `tAtlet` (`idAtlet`, `idCabangOlahraga`, `idJenisOlahraga`, `idKecamatan`, `namaAtlet`, `tempatLahirAtlet`, `tglLahirAtlet`, `alamatAtlet`, `jenisKelaminAtlet`, `telpAtlet`, `tinggiBadanAtlet`, `beratBadanAtlet`, `spesialisAtlet`, `potensialAtlet`, `statusAtlet`, `tglStatusAtlet`, `fotoAtlet`, `orderAtlet`) VALUES (181, 8, 1, 3, 'Reza Dawara', 'Palangkaraya', '1990-10-09', 'Jl. Seberang Mesjid Rt.01 Rw.01', 1, 'xxx', 0, 0, 'Pool', 0, 2, '0000-00-00', '', 1);
INSERT INTO `tAtlet` (`idAtlet`, `idCabangOlahraga`, `idJenisOlahraga`, `idKecamatan`, `namaAtlet`, `tempatLahirAtlet`, `tglLahirAtlet`, `alamatAtlet`, `jenisKelaminAtlet`, `telpAtlet`, `tinggiBadanAtlet`, `beratBadanAtlet`, `spesialisAtlet`, `potensialAtlet`, `statusAtlet`, `tglStatusAtlet`, `fotoAtlet`, `orderAtlet`) VALUES (182, 8, 1, 4, 'Gun gun Gunawan', 'Ciamis', '1980-09-09', 'Jl. Cahaya Rt.021 Rw.002 Pemurus Luar', 1, 'xxx', 0, 0, 'Pool', 0, 2, '0000-00-00', '', 2);
INSERT INTO `tAtlet` (`idAtlet`, `idCabangOlahraga`, `idJenisOlahraga`, `idKecamatan`, `namaAtlet`, `tempatLahirAtlet`, `tglLahirAtlet`, `alamatAtlet`, `jenisKelaminAtlet`, `telpAtlet`, `tinggiBadanAtlet`, `beratBadanAtlet`, `spesialisAtlet`, `potensialAtlet`, `statusAtlet`, `tglStatusAtlet`, `fotoAtlet`, `orderAtlet`) VALUES (183, 8, 1, 1, 'Hairulah', 'Banjarmasin', '1989-07-16', 'Jl. Sutoyo Gg.Sepakat Rt.14 Rw.1', 1, 'xxx', 0, 0, 'Pool', 0, 2, '0000-00-00', '', 3);
INSERT INTO `tAtlet` (`idAtlet`, `idCabangOlahraga`, `idJenisOlahraga`, `idKecamatan`, `namaAtlet`, `tempatLahirAtlet`, `tglLahirAtlet`, `alamatAtlet`, `jenisKelaminAtlet`, `telpAtlet`, `tinggiBadanAtlet`, `beratBadanAtlet`, `spesialisAtlet`, `potensialAtlet`, `statusAtlet`, `tglStatusAtlet`, `fotoAtlet`, `orderAtlet`) VALUES (184, 8, 1, 2, 'Frinadi Rianto', 'Sampit', '1970-06-19', 'Jl. Sultan Adam Komp. Kadar Permai I/4 Sungai Miai', 1, 'xxx', 0, 0, 'Snooker', 0, 2, '0000-00-00', '', 4);
INSERT INTO `tAtlet` (`idAtlet`, `idCabangOlahraga`, `idJenisOlahraga`, `idKecamatan`, `namaAtlet`, `tempatLahirAtlet`, `tglLahirAtlet`, `alamatAtlet`, `jenisKelaminAtlet`, `telpAtlet`, `tinggiBadanAtlet`, `beratBadanAtlet`, `spesialisAtlet`, `potensialAtlet`, `statusAtlet`, `tglStatusAtlet`, `fotoAtlet`, `orderAtlet`) VALUES (185, 8, 1, 1, 'Novia Ningsih', 'Banjarmasin', '1980-11-10', 'Jl. Sutoyo S Gg. Serumpun Rrt.18 Rw.01 ', 2, 'xxx', 0, 0, 'Pool', 0, 2, '0000-00-00', '', 5);
INSERT INTO `tAtlet` (`idAtlet`, `idCabangOlahraga`, `idJenisOlahraga`, `idKecamatan`, `namaAtlet`, `tempatLahirAtlet`, `tglLahirAtlet`, `alamatAtlet`, `jenisKelaminAtlet`, `telpAtlet`, `tinggiBadanAtlet`, `beratBadanAtlet`, `spesialisAtlet`, `potensialAtlet`, `statusAtlet`, `tglStatusAtlet`, `fotoAtlet`, `orderAtlet`) VALUES (186, 8, 1, 3, 'Anita', 'Banjarmasin', '1986-01-04', 'Jl. Pangeran Antasari No.12 Sungai Baru', 2, 'xxx', 0, 0, 'Pool', 0, 2, '0000-00-00', '', 6);
INSERT INTO `tAtlet` (`idAtlet`, `idCabangOlahraga`, `idJenisOlahraga`, `idKecamatan`, `namaAtlet`, `tempatLahirAtlet`, `tglLahirAtlet`, `alamatAtlet`, `jenisKelaminAtlet`, `telpAtlet`, `tinggiBadanAtlet`, `beratBadanAtlet`, `spesialisAtlet`, `potensialAtlet`, `statusAtlet`, `tglStatusAtlet`, `fotoAtlet`, `orderAtlet`) VALUES (187, 8, 1, 3, 'Rasty Lingga Putri', 'Palangkaraya', '1984-03-25', 'Jl. H. Djok Mentaya No.07 Rt.01 Rw.01', 2, 'xxx', 0, 0, 'Pool', 0, 2, '0000-00-00', '', 7);
INSERT INTO `tAtlet` (`idAtlet`, `idCabangOlahraga`, `idJenisOlahraga`, `idKecamatan`, `namaAtlet`, `tempatLahirAtlet`, `tglLahirAtlet`, `alamatAtlet`, `jenisKelaminAtlet`, `telpAtlet`, `tinggiBadanAtlet`, `beratBadanAtlet`, `spesialisAtlet`, `potensialAtlet`, `statusAtlet`, `tglStatusAtlet`, `fotoAtlet`, `orderAtlet`) VALUES (188, 8, 1, 1, 'Janur Sari', 'Banjarmasin', '1993-01-01', 'Komp. Yuka Rt.04 Rw.01 Basirih', 2, 'xxx', 0, 0, 'Pool', 0, 2, '0000-00-00', '', 8);
INSERT INTO `tAtlet` (`idAtlet`, `idCabangOlahraga`, `idJenisOlahraga`, `idKecamatan`, `namaAtlet`, `tempatLahirAtlet`, `tglLahirAtlet`, `alamatAtlet`, `jenisKelaminAtlet`, `telpAtlet`, `tinggiBadanAtlet`, `beratBadanAtlet`, `spesialisAtlet`, `potensialAtlet`, `statusAtlet`, `tglStatusAtlet`, `fotoAtlet`, `orderAtlet`) VALUES (189, 8, 1, 4, 'Donny Pranata', 'Banjarmasin', '1989-06-21', 'Jl. Veteran Perum Pengambangan Indah No.2G Rt.33 Rw.02', 1, 'xxx', 0, 0, 'Pool', 0, 2, '0000-00-00', '', 9);
INSERT INTO `tAtlet` (`idAtlet`, `idCabangOlahraga`, `idJenisOlahraga`, `idKecamatan`, `namaAtlet`, `tempatLahirAtlet`, `tglLahirAtlet`, `alamatAtlet`, `jenisKelaminAtlet`, `telpAtlet`, `tinggiBadanAtlet`, `beratBadanAtlet`, `spesialisAtlet`, `potensialAtlet`, `statusAtlet`, `tglStatusAtlet`, `fotoAtlet`, `orderAtlet`) VALUES (190, 8, 1, 4, 'Rachmawati', 'Kediri', '1988-01-06', 'Jl. Cahaya Rt.021 Rw.002 Pemurus Luar', 2, 'xxx', 0, 0, 'Pool', 0, 2, '0000-00-00', '', 10);
INSERT INTO `tAtlet` (`idAtlet`, `idCabangOlahraga`, `idJenisOlahraga`, `idKecamatan`, `namaAtlet`, `tempatLahirAtlet`, `tglLahirAtlet`, `alamatAtlet`, `jenisKelaminAtlet`, `telpAtlet`, `tinggiBadanAtlet`, `beratBadanAtlet`, `spesialisAtlet`, `potensialAtlet`, `statusAtlet`, `tglStatusAtlet`, `fotoAtlet`, `orderAtlet`) VALUES (191, 8, 1, 4, 'Yongki Ciu Putra', 'Jakarta', '1982-01-16', 'Jl. Keramat Raya Rt.08 Rw.01 Sungai Bilu', 1, 'xxx', 0, 0, 'Snooker', 0, 2, '0000-00-00', '', 11);
INSERT INTO `tAtlet` (`idAtlet`, `idCabangOlahraga`, `idJenisOlahraga`, `idKecamatan`, `namaAtlet`, `tempatLahirAtlet`, `tglLahirAtlet`, `alamatAtlet`, `jenisKelaminAtlet`, `telpAtlet`, `tinggiBadanAtlet`, `beratBadanAtlet`, `spesialisAtlet`, `potensialAtlet`, `statusAtlet`, `tglStatusAtlet`, `fotoAtlet`, `orderAtlet`) VALUES (192, 9, 2, 0, 'Syafiq Maulana Fahmi', 'Banjarmasin', '2002-06-03', 'Jl. Mahligai Komp. Bunyamin 3 Blok C1 No.4', 1, 'xxx', 0, 0, 'Compound', 0, 2, '0000-00-00', '', 1);
INSERT INTO `tAtlet` (`idAtlet`, `idCabangOlahraga`, `idJenisOlahraga`, `idKecamatan`, `namaAtlet`, `tempatLahirAtlet`, `tglLahirAtlet`, `alamatAtlet`, `jenisKelaminAtlet`, `telpAtlet`, `tinggiBadanAtlet`, `beratBadanAtlet`, `spesialisAtlet`, `potensialAtlet`, `statusAtlet`, `tglStatusAtlet`, `fotoAtlet`, `orderAtlet`) VALUES (193, 9, 2, 0, 'Ahmad Yasin', 'Banjarmasin', '1976-05-06', 'jL. A. Yani Komp. Bunyamin Permai 1 Rt.14 Ray 4 No.163', 1, 'xxx', 0, 0, 'Compound', 0, 2, '0000-00-00', '', 2);
INSERT INTO `tAtlet` (`idAtlet`, `idCabangOlahraga`, `idJenisOlahraga`, `idKecamatan`, `namaAtlet`, `tempatLahirAtlet`, `tglLahirAtlet`, `alamatAtlet`, `jenisKelaminAtlet`, `telpAtlet`, `tinggiBadanAtlet`, `beratBadanAtlet`, `spesialisAtlet`, `potensialAtlet`, `statusAtlet`, `tglStatusAtlet`, `fotoAtlet`, `orderAtlet`) VALUES (194, 9, 2, 0, 'Rizky Fajar Ramadhan', 'Banjarmasin', '1991-03-25', 'Jl. Bahagia Rt.08 Rw.01 Teluk Tiram Darat Banjarmasin', 1, 'xxx', 0, 0, 'Recurve', 0, 2, '0000-00-00', '', 3);
INSERT INTO `tAtlet` (`idAtlet`, `idCabangOlahraga`, `idJenisOlahraga`, `idKecamatan`, `namaAtlet`, `tempatLahirAtlet`, `tglLahirAtlet`, `alamatAtlet`, `jenisKelaminAtlet`, `telpAtlet`, `tinggiBadanAtlet`, `beratBadanAtlet`, `spesialisAtlet`, `potensialAtlet`, `statusAtlet`, `tglStatusAtlet`, `fotoAtlet`, `orderAtlet`) VALUES (195, 9, 2, 3, 'Yusriyya Hani Hakim', 'Banjarmasin', '2000-07-17', 'Jl. Cempaka Sari 3 No.105 Rt.048 Rw.06', 2, 'xxx', 0, 0, 'Standart Bow/Nasional', 0, 2, '0000-00-00', '', 4);
INSERT INTO `tAtlet` (`idAtlet`, `idCabangOlahraga`, `idJenisOlahraga`, `idKecamatan`, `namaAtlet`, `tempatLahirAtlet`, `tglLahirAtlet`, `alamatAtlet`, `jenisKelaminAtlet`, `telpAtlet`, `tinggiBadanAtlet`, `beratBadanAtlet`, `spesialisAtlet`, `potensialAtlet`, `statusAtlet`, `tglStatusAtlet`, `fotoAtlet`, `orderAtlet`) VALUES (196, 9, 2, 4, 'Muhammad Fauzi', 'Banjarmasin', '1991-09-09', 'Jl. Bumi Mas Raya, Komp.Bumi Indah 1 No.22', 1, 'xxx', 0, 0, 'Compound', 0, 2, '0000-00-00', '', 5);
INSERT INTO `tAtlet` (`idAtlet`, `idCabangOlahraga`, `idJenisOlahraga`, `idKecamatan`, `namaAtlet`, `tempatLahirAtlet`, `tglLahirAtlet`, `alamatAtlet`, `jenisKelaminAtlet`, `telpAtlet`, `tinggiBadanAtlet`, `beratBadanAtlet`, `spesialisAtlet`, `potensialAtlet`, `statusAtlet`, `tglStatusAtlet`, `fotoAtlet`, `orderAtlet`) VALUES (197, 9, 2, 2, 'Faisal Luthfi', 'Banjarmasin', '1989-03-10', 'Jl. Padat Karya Komp.Purnama Permai Jalur 7/120 Banjarmasin', 1, 'xxx', 0, 0, 'Recurve', 0, 2, '0000-00-00', '', 6);
INSERT INTO `tAtlet` (`idAtlet`, `idCabangOlahraga`, `idJenisOlahraga`, `idKecamatan`, `namaAtlet`, `tempatLahirAtlet`, `tglLahirAtlet`, `alamatAtlet`, `jenisKelaminAtlet`, `telpAtlet`, `tinggiBadanAtlet`, `beratBadanAtlet`, `spesialisAtlet`, `potensialAtlet`, `statusAtlet`, `tglStatusAtlet`, `fotoAtlet`, `orderAtlet`) VALUES (198, 9, 2, 2, 'Putri Rezkya', 'Banjarmasin', '2008-09-08', 'Jl. Padat Karya Komp.Perdana Mandiri Blok B/50', 2, 'xxx', 0, 0, 'Standart Bow Nasional', 0, 2, '0000-00-00', '', 7);
INSERT INTO `tAtlet` (`idAtlet`, `idCabangOlahraga`, `idJenisOlahraga`, `idKecamatan`, `namaAtlet`, `tempatLahirAtlet`, `tglLahirAtlet`, `alamatAtlet`, `jenisKelaminAtlet`, `telpAtlet`, `tinggiBadanAtlet`, `beratBadanAtlet`, `spesialisAtlet`, `potensialAtlet`, `statusAtlet`, `tglStatusAtlet`, `fotoAtlet`, `orderAtlet`) VALUES (199, 9, 2, 3, 'Sabella', 'Banjarmasin', '2001-05-19', 'Komp.Pembangunan 1 Jl.Menyapa Ujung', 2, 'xxx', 0, 0, 'Standart Bow/Nasional', 0, 2, '0000-00-00', '', 8);
INSERT INTO `tAtlet` (`idAtlet`, `idCabangOlahraga`, `idJenisOlahraga`, `idKecamatan`, `namaAtlet`, `tempatLahirAtlet`, `tglLahirAtlet`, `alamatAtlet`, `jenisKelaminAtlet`, `telpAtlet`, `tinggiBadanAtlet`, `beratBadanAtlet`, `spesialisAtlet`, `potensialAtlet`, `statusAtlet`, `tglStatusAtlet`, `fotoAtlet`, `orderAtlet`) VALUES (200, 9, 2, 4, 'Dhiya Ananda Yahma', 'Banjarmasin', '2004-04-08', 'Jl. Keramat 3 Rt.16 No.19 Rw.01', 2, 'xxx', 0, 0, 'Standart Bow, Compound', 0, 2, '0000-00-00', '', 9);
INSERT INTO `tAtlet` (`idAtlet`, `idCabangOlahraga`, `idJenisOlahraga`, `idKecamatan`, `namaAtlet`, `tempatLahirAtlet`, `tglLahirAtlet`, `alamatAtlet`, `jenisKelaminAtlet`, `telpAtlet`, `tinggiBadanAtlet`, `beratBadanAtlet`, `spesialisAtlet`, `potensialAtlet`, `statusAtlet`, `tglStatusAtlet`, `fotoAtlet`, `orderAtlet`) VALUES (201, 9, 2, 5, 'Abu Bakar', 'Banjarmasin', '1986-02-12', 'Jl. Kelayan Besar 1 No.04 Rt.02 Banjarmasin', 1, 'xxx', 0, 0, 'Recurve', 0, 2, '0000-00-00', '', 10);
INSERT INTO `tAtlet` (`idAtlet`, `idCabangOlahraga`, `idJenisOlahraga`, `idKecamatan`, `namaAtlet`, `tempatLahirAtlet`, `tglLahirAtlet`, `alamatAtlet`, `jenisKelaminAtlet`, `telpAtlet`, `tinggiBadanAtlet`, `beratBadanAtlet`, `spesialisAtlet`, `potensialAtlet`, `statusAtlet`, `tglStatusAtlet`, `fotoAtlet`, `orderAtlet`) VALUES (202, 9, 2, 4, 'Muhammad Dwi Suwastika Brawijaya', 'Banjarmasin', '1992-09-20', 'Jl. Pekapuran Raya Gg.Gambir No.58 Rt.10', 1, 'xxx', 0, 0, 'Recurve', 0, 2, '0000-00-00', '', 11);
INSERT INTO `tAtlet` (`idAtlet`, `idCabangOlahraga`, `idJenisOlahraga`, `idKecamatan`, `namaAtlet`, `tempatLahirAtlet`, `tglLahirAtlet`, `alamatAtlet`, `jenisKelaminAtlet`, `telpAtlet`, `tinggiBadanAtlet`, `beratBadanAtlet`, `spesialisAtlet`, `potensialAtlet`, `statusAtlet`, `tglStatusAtlet`, `fotoAtlet`, `orderAtlet`) VALUES (203, 9, 2, 1, 'Anija Jabal Nuh', 'Banjarmasin', '2003-12-24', 'Jl.Agraria 2 Gg.7 Komp. Permata Surya Rt.27 No.31', 2, 'xxx', 0, 0, 'Standart Bow , Compound', 0, 2, '0000-00-00', '', 12);
INSERT INTO `tAtlet` (`idAtlet`, `idCabangOlahraga`, `idJenisOlahraga`, `idKecamatan`, `namaAtlet`, `tempatLahirAtlet`, `tglLahirAtlet`, `alamatAtlet`, `jenisKelaminAtlet`, `telpAtlet`, `tinggiBadanAtlet`, `beratBadanAtlet`, `spesialisAtlet`, `potensialAtlet`, `statusAtlet`, `tglStatusAtlet`, `fotoAtlet`, `orderAtlet`) VALUES (204, 9, 2, 3, 'Muhammad Karim Abdillah Hakim', 'Banjarmasin', '2004-04-20', 'Jl. Cempaka Sari 3 No.105 Rt.048 Rw.06', 1, 'xxx', 0, 0, 'Standart Bow , Recurve', 0, 2, '0000-00-00', '', 13);
INSERT INTO `tAtlet` (`idAtlet`, `idCabangOlahraga`, `idJenisOlahraga`, `idKecamatan`, `namaAtlet`, `tempatLahirAtlet`, `tglLahirAtlet`, `alamatAtlet`, `jenisKelaminAtlet`, `telpAtlet`, `tinggiBadanAtlet`, `beratBadanAtlet`, `spesialisAtlet`, `potensialAtlet`, `statusAtlet`, `tglStatusAtlet`, `fotoAtlet`, `orderAtlet`) VALUES (205, 9, 2, 3, 'Rahmi Rahmadina', 'Banjarmasin', '2001-11-15', 'jl.Saka Permai No.17 Rt.22', 2, 'xxx', 0, 0, 'Standart Bow / Nasional', 0, 2, '0000-00-00', '', 14);
INSERT INTO `tAtlet` (`idAtlet`, `idCabangOlahraga`, `idJenisOlahraga`, `idKecamatan`, `namaAtlet`, `tempatLahirAtlet`, `tglLahirAtlet`, `alamatAtlet`, `jenisKelaminAtlet`, `telpAtlet`, `tinggiBadanAtlet`, `beratBadanAtlet`, `spesialisAtlet`, `potensialAtlet`, `statusAtlet`, `tglStatusAtlet`, `fotoAtlet`, `orderAtlet`) VALUES (206, 9, 2, 3, 'Sakhaa Putra Nantaaka', 'Banjarmasin', '2003-10-22', 'Komp. Mulawarman Jl. Batu Tiban No.5', 1, 'xxx', 0, 0, 'Standart Bow / Nasional', 0, 2, '0000-00-00', '', 15);
INSERT INTO `tAtlet` (`idAtlet`, `idCabangOlahraga`, `idJenisOlahraga`, `idKecamatan`, `namaAtlet`, `tempatLahirAtlet`, `tglLahirAtlet`, `alamatAtlet`, `jenisKelaminAtlet`, `telpAtlet`, `tinggiBadanAtlet`, `beratBadanAtlet`, `spesialisAtlet`, `potensialAtlet`, `statusAtlet`, `tglStatusAtlet`, `fotoAtlet`, `orderAtlet`) VALUES (207, 9, 2, 4, 'Ali Akbar Mustaqim', 'Banjarmasin', '2003-10-31', 'Jl. Melati Indah 6 No.14 Banjarmain', 1, 'xxx', 0, 0, 'Standart Bow / Nasional', 0, 2, '0000-00-00', '', 16);
INSERT INTO `tAtlet` (`idAtlet`, `idCabangOlahraga`, `idJenisOlahraga`, `idKecamatan`, `namaAtlet`, `tempatLahirAtlet`, `tglLahirAtlet`, `alamatAtlet`, `jenisKelaminAtlet`, `telpAtlet`, `tinggiBadanAtlet`, `beratBadanAtlet`, `spesialisAtlet`, `potensialAtlet`, `statusAtlet`, `tglStatusAtlet`, `fotoAtlet`, `orderAtlet`) VALUES (208, 9, 2, 2, 'M. Didi', 'Banjarmasin', '1980-10-12', 'Jl. Sultan Adam Banjarmasin', 1, 'xxx', 0, 0, 'Compound', 0, 2, '0000-00-00', '', 17);
INSERT INTO `tAtlet` (`idAtlet`, `idCabangOlahraga`, `idJenisOlahraga`, `idKecamatan`, `namaAtlet`, `tempatLahirAtlet`, `tglLahirAtlet`, `alamatAtlet`, `jenisKelaminAtlet`, `telpAtlet`, `tinggiBadanAtlet`, `beratBadanAtlet`, `spesialisAtlet`, `potensialAtlet`, `statusAtlet`, `tglStatusAtlet`, `fotoAtlet`, `orderAtlet`) VALUES (209, 9, 2, 4, 'Alifa Nindya Wahyu', 'Banjarmasin', '2008-04-04', 'Komp. Bunyamin Permai', 2, 'xxx', 0, 0, 'Standart Bow / Nasional', 0, 2, '0000-00-00', '', 18);
INSERT INTO `tAtlet` (`idAtlet`, `idCabangOlahraga`, `idJenisOlahraga`, `idKecamatan`, `namaAtlet`, `tempatLahirAtlet`, `tglLahirAtlet`, `alamatAtlet`, `jenisKelaminAtlet`, `telpAtlet`, `tinggiBadanAtlet`, `beratBadanAtlet`, `spesialisAtlet`, `potensialAtlet`, `statusAtlet`, `tglStatusAtlet`, `fotoAtlet`, `orderAtlet`) VALUES (210, 9, 2, 4, 'Reza Muthia Chairunnisa', 'Banjarmasin', '1985-08-05', 'Jl. Ratu Zaleha, Banjarmasin', 2, 'xxx', 0, 0, 'Compound', 0, 2, '0000-00-00', '', 19);
INSERT INTO `tAtlet` (`idAtlet`, `idCabangOlahraga`, `idJenisOlahraga`, `idKecamatan`, `namaAtlet`, `tempatLahirAtlet`, `tglLahirAtlet`, `alamatAtlet`, `jenisKelaminAtlet`, `telpAtlet`, `tinggiBadanAtlet`, `beratBadanAtlet`, `spesialisAtlet`, `potensialAtlet`, `statusAtlet`, `tglStatusAtlet`, `fotoAtlet`, `orderAtlet`) VALUES (211, 9, 2, 1, 'Ahmad Arif Rahman', 'Banjarmasin', '2021-03-03', 'Jl. Kuin Selatan Rt.2 No.24 Banjarmasin', 1, 'xxx', 0, 0, 'Compound', 0, 2, '0000-00-00', '', 20);
INSERT INTO `tAtlet` (`idAtlet`, `idCabangOlahraga`, `idJenisOlahraga`, `idKecamatan`, `namaAtlet`, `tempatLahirAtlet`, `tglLahirAtlet`, `alamatAtlet`, `jenisKelaminAtlet`, `telpAtlet`, `tinggiBadanAtlet`, `beratBadanAtlet`, `spesialisAtlet`, `potensialAtlet`, `statusAtlet`, `tglStatusAtlet`, `fotoAtlet`, `orderAtlet`) VALUES (212, 10, 3, 5, 'Muhyidin', 'Banjarmasin', '1993-09-07', 'Jl. Banyiur Luar Rt.09', 1, 'xxx', 0, 0, 'Art Putra', 0, 2, '0000-00-00', '', 1);
INSERT INTO `tAtlet` (`idAtlet`, `idCabangOlahraga`, `idJenisOlahraga`, `idKecamatan`, `namaAtlet`, `tempatLahirAtlet`, `tglLahirAtlet`, `alamatAtlet`, `jenisKelaminAtlet`, `telpAtlet`, `tinggiBadanAtlet`, `beratBadanAtlet`, `spesialisAtlet`, `potensialAtlet`, `statusAtlet`, `tglStatusAtlet`, `fotoAtlet`, `orderAtlet`) VALUES (213, 10, 3, 2, 'Yudi', 'Amuntai', '1993-04-16', 'Jl. Pangeran gg.Bersama Rt.12', 1, 'xxx', 0, 0, 'Aerobic Gymnastic', 0, 2, '0000-00-00', '', 2);
INSERT INTO `tAtlet` (`idAtlet`, `idCabangOlahraga`, `idJenisOlahraga`, `idKecamatan`, `namaAtlet`, `tempatLahirAtlet`, `tglLahirAtlet`, `alamatAtlet`, `jenisKelaminAtlet`, `telpAtlet`, `tinggiBadanAtlet`, `beratBadanAtlet`, `spesialisAtlet`, `potensialAtlet`, `statusAtlet`, `tglStatusAtlet`, `fotoAtlet`, `orderAtlet`) VALUES (214, 10, 3, 2, 'Riri Fatmawati', 'Banjarmasin', '1993-11-06', 'Jl. Antasan Kecil Timur', 2, 'xxx', 0, 0, 'Art Putri', 0, 2, '0000-00-00', '', 3);
INSERT INTO `tAtlet` (`idAtlet`, `idCabangOlahraga`, `idJenisOlahraga`, `idKecamatan`, `namaAtlet`, `tempatLahirAtlet`, `tglLahirAtlet`, `alamatAtlet`, `jenisKelaminAtlet`, `telpAtlet`, `tinggiBadanAtlet`, `beratBadanAtlet`, `spesialisAtlet`, `potensialAtlet`, `statusAtlet`, `tglStatusAtlet`, `fotoAtlet`, `orderAtlet`) VALUES (215, 10, 3, 5, 'Rayhana Humaira', 'Banjarmasin', '2009-07-05', 'Jl. kendedes 1 No.33 Rt.41', 2, 'xxx', 0, 0, 'Ritmik Sportif', 0, 2, '0000-00-00', '', 4);
INSERT INTO `tAtlet` (`idAtlet`, `idCabangOlahraga`, `idJenisOlahraga`, `idKecamatan`, `namaAtlet`, `tempatLahirAtlet`, `tglLahirAtlet`, `alamatAtlet`, `jenisKelaminAtlet`, `telpAtlet`, `tinggiBadanAtlet`, `beratBadanAtlet`, `spesialisAtlet`, `potensialAtlet`, `statusAtlet`, `tglStatusAtlet`, `fotoAtlet`, `orderAtlet`) VALUES (216, 10, 3, 5, 'Lintang Dwi Syahtami', 'Banjarmasin', '2003-03-03', 'Jl. kendedes 1 No.33 Rt.41', 2, 'xxx', 0, 0, 'Ritmik Sportif', 0, 2, '0000-00-00', '', 5);
INSERT INTO `tAtlet` (`idAtlet`, `idCabangOlahraga`, `idJenisOlahraga`, `idKecamatan`, `namaAtlet`, `tempatLahirAtlet`, `tglLahirAtlet`, `alamatAtlet`, `jenisKelaminAtlet`, `telpAtlet`, `tinggiBadanAtlet`, `beratBadanAtlet`, `spesialisAtlet`, `potensialAtlet`, `statusAtlet`, `tglStatusAtlet`, `fotoAtlet`, `orderAtlet`) VALUES (217, 12, 2, 0, 'M. Rifansya', 'Banjarmasin', '2003-03-25', 'Jl. Tatah Belayung Rt.11 Rw.04 No.37', 1, 'xxx', 0, 0, 'xxx', 0, 2, '0000-00-00', '', 1);
INSERT INTO `tAtlet` (`idAtlet`, `idCabangOlahraga`, `idJenisOlahraga`, `idKecamatan`, `namaAtlet`, `tempatLahirAtlet`, `tglLahirAtlet`, `alamatAtlet`, `jenisKelaminAtlet`, `telpAtlet`, `tinggiBadanAtlet`, `beratBadanAtlet`, `spesialisAtlet`, `potensialAtlet`, `statusAtlet`, `tglStatusAtlet`, `fotoAtlet`, `orderAtlet`) VALUES (218, 12, 2, 2, 'Suhairi', 'Banjarmasin', '1982-01-02', 'Jl. AMD Komp. Abdi Persada Rt.18', 1, 'xxx', 0, 0, 'xxx', 0, 2, '0000-00-00', '', 2);
INSERT INTO `tAtlet` (`idAtlet`, `idCabangOlahraga`, `idJenisOlahraga`, `idKecamatan`, `namaAtlet`, `tempatLahirAtlet`, `tglLahirAtlet`, `alamatAtlet`, `jenisKelaminAtlet`, `telpAtlet`, `tinggiBadanAtlet`, `beratBadanAtlet`, `spesialisAtlet`, `potensialAtlet`, `statusAtlet`, `tglStatusAtlet`, `fotoAtlet`, `orderAtlet`) VALUES (219, 12, 2, 5, 'M. Aldy', 'Banjarmasin', '2001-08-08', 'Jl. Tembus Mantuil Gg. Gandapura Rt.26 No.4', 1, 'xxx', 0, 0, 'xxx', 0, 2, '0000-00-00', '', 3);
INSERT INTO `tAtlet` (`idAtlet`, `idCabangOlahraga`, `idJenisOlahraga`, `idKecamatan`, `namaAtlet`, `tempatLahirAtlet`, `tglLahirAtlet`, `alamatAtlet`, `jenisKelaminAtlet`, `telpAtlet`, `tinggiBadanAtlet`, `beratBadanAtlet`, `spesialisAtlet`, `potensialAtlet`, `statusAtlet`, `tglStatusAtlet`, `fotoAtlet`, `orderAtlet`) VALUES (220, 12, 2, 2, 'Fathurrahman', 'Banjarmasin', '1980-06-17', 'Jl. Pangeran Rt. 11 No.36', 1, 'xxx', 0, 0, 'xxx', 0, 2, '0000-00-00', '', 4);
INSERT INTO `tAtlet` (`idAtlet`, `idCabangOlahraga`, `idJenisOlahraga`, `idKecamatan`, `namaAtlet`, `tempatLahirAtlet`, `tglLahirAtlet`, `alamatAtlet`, `jenisKelaminAtlet`, `telpAtlet`, `tinggiBadanAtlet`, `beratBadanAtlet`, `spesialisAtlet`, `potensialAtlet`, `statusAtlet`, `tglStatusAtlet`, `fotoAtlet`, `orderAtlet`) VALUES (221, 12, 2, 5, 'M. Rivai', 'Banjarmasin', '2000-03-31', 'Jl. Tembus Mantuil Gg. Mawar Rt. 01 Rw.01', 1, 'xxx', 0, 0, 'xxx', 0, 2, '0000-00-00', '', 5);
INSERT INTO `tAtlet` (`idAtlet`, `idCabangOlahraga`, `idJenisOlahraga`, `idKecamatan`, `namaAtlet`, `tempatLahirAtlet`, `tglLahirAtlet`, `alamatAtlet`, `jenisKelaminAtlet`, `telpAtlet`, `tinggiBadanAtlet`, `beratBadanAtlet`, `spesialisAtlet`, `potensialAtlet`, `statusAtlet`, `tglStatusAtlet`, `fotoAtlet`, `orderAtlet`) VALUES (222, 12, 2, 5, 'Khairul Amin', 'Banjarmasin', '2001-06-07', 'Jl. Kelayan B Timur Gg. Srikaya', 1, 'xxx', 0, 0, 'xxx', 0, 2, '0000-00-00', '', 6);
INSERT INTO `tAtlet` (`idAtlet`, `idCabangOlahraga`, `idJenisOlahraga`, `idKecamatan`, `namaAtlet`, `tempatLahirAtlet`, `tglLahirAtlet`, `alamatAtlet`, `jenisKelaminAtlet`, `telpAtlet`, `tinggiBadanAtlet`, `beratBadanAtlet`, `spesialisAtlet`, `potensialAtlet`, `statusAtlet`, `tglStatusAtlet`, `fotoAtlet`, `orderAtlet`) VALUES (223, 12, 2, 0, 'Hamdan Khasiro', 'Pulau Sagara', '1987-04-02', 'Jl. Pulau Sewangi Rt.11', 1, 'xxx', 0, 0, 'xxx', 0, 2, '0000-00-00', '', 7);
INSERT INTO `tAtlet` (`idAtlet`, `idCabangOlahraga`, `idJenisOlahraga`, `idKecamatan`, `namaAtlet`, `tempatLahirAtlet`, `tglLahirAtlet`, `alamatAtlet`, `jenisKelaminAtlet`, `telpAtlet`, `tinggiBadanAtlet`, `beratBadanAtlet`, `spesialisAtlet`, `potensialAtlet`, `statusAtlet`, `tglStatusAtlet`, `fotoAtlet`, `orderAtlet`) VALUES (224, 12, 2, 5, 'Nor Efansyah', 'Banjarmasin', '1994-12-28', 'Jl. Mantuil Permai Rt.03 Rw.01', 1, 'xxx', 0, 0, 'xxx', 0, 2, '0000-00-00', '', 8);
INSERT INTO `tAtlet` (`idAtlet`, `idCabangOlahraga`, `idJenisOlahraga`, `idKecamatan`, `namaAtlet`, `tempatLahirAtlet`, `tglLahirAtlet`, `alamatAtlet`, `jenisKelaminAtlet`, `telpAtlet`, `tinggiBadanAtlet`, `beratBadanAtlet`, `spesialisAtlet`, `potensialAtlet`, `statusAtlet`, `tglStatusAtlet`, `fotoAtlet`, `orderAtlet`) VALUES (225, 12, 2, 1, 'M. Muammar', 'Banjarmasin ', '1997-09-25', 'Jl. Kuin Selatan Rt,09 Rw.01', 1, 'xxx', 0, 0, 'xxx', 0, 2, '0000-00-00', '', 9);
INSERT INTO `tAtlet` (`idAtlet`, `idCabangOlahraga`, `idJenisOlahraga`, `idKecamatan`, `namaAtlet`, `tempatLahirAtlet`, `tglLahirAtlet`, `alamatAtlet`, `jenisKelaminAtlet`, `telpAtlet`, `tinggiBadanAtlet`, `beratBadanAtlet`, `spesialisAtlet`, `potensialAtlet`, `statusAtlet`, `tglStatusAtlet`, `fotoAtlet`, `orderAtlet`) VALUES (226, 12, 2, 1, 'Yosua Clementus Santoso Putro', 'Banjarmasin', '1997-03-24', 'Jl. Belitung Darat Gg.Abadi Rt.10', 1, 'xxx', 0, 0, 'xxx', 0, 2, '0000-00-00', '', 10);
INSERT INTO `tAtlet` (`idAtlet`, `idCabangOlahraga`, `idJenisOlahraga`, `idKecamatan`, `namaAtlet`, `tempatLahirAtlet`, `tglLahirAtlet`, `alamatAtlet`, `jenisKelaminAtlet`, `telpAtlet`, `tinggiBadanAtlet`, `beratBadanAtlet`, `spesialisAtlet`, `potensialAtlet`, `statusAtlet`, `tglStatusAtlet`, `fotoAtlet`, `orderAtlet`) VALUES (227, 12, 2, 2, 'Beben jaya Sambudi', 'Sidoarjo', '1993-09-24', 'Jl. AKT Rt.04', 1, 'xxx', 0, 0, 'xxx', 0, 2, '0000-00-00', '', 11);
INSERT INTO `tAtlet` (`idAtlet`, `idCabangOlahraga`, `idJenisOlahraga`, `idKecamatan`, `namaAtlet`, `tempatLahirAtlet`, `tglLahirAtlet`, `alamatAtlet`, `jenisKelaminAtlet`, `telpAtlet`, `tinggiBadanAtlet`, `beratBadanAtlet`, `spesialisAtlet`, `potensialAtlet`, `statusAtlet`, `tglStatusAtlet`, `fotoAtlet`, `orderAtlet`) VALUES (228, 12, 2, 3, 'Adi Pratama Putra', 'Surabaya', '1987-08-26', 'Jl. Sungai Baru Rt.02  Rw.01 No.71', 1, 'xxx', 0, 0, 'xxx', 0, 2, '0000-00-00', '', 12);
INSERT INTO `tAtlet` (`idAtlet`, `idCabangOlahraga`, `idJenisOlahraga`, `idKecamatan`, `namaAtlet`, `tempatLahirAtlet`, `tglLahirAtlet`, `alamatAtlet`, `jenisKelaminAtlet`, `telpAtlet`, `tinggiBadanAtlet`, `beratBadanAtlet`, `spesialisAtlet`, `potensialAtlet`, `statusAtlet`, `tglStatusAtlet`, `fotoAtlet`, `orderAtlet`) VALUES (229, 12, 2, 3, 'Fiqih Safarullah', 'Banjarmasin', '1992-08-11', 'Jl. H. Djok Mentaya Gg. Guntur', 1, 'xxx', 0, 0, 'xxx', 0, 2, '0000-00-00', '', 13);
INSERT INTO `tAtlet` (`idAtlet`, `idCabangOlahraga`, `idJenisOlahraga`, `idKecamatan`, `namaAtlet`, `tempatLahirAtlet`, `tglLahirAtlet`, `alamatAtlet`, `jenisKelaminAtlet`, `telpAtlet`, `tinggiBadanAtlet`, `beratBadanAtlet`, `spesialisAtlet`, `potensialAtlet`, `statusAtlet`, `tglStatusAtlet`, `fotoAtlet`, `orderAtlet`) VALUES (230, 13, 2, 0, 'M. Surya Ariandy', 'Banjarmasin', '2000-03-18', 'xxx', 1, 'xxx', 0, 0, 'Lari 100 m dan 200 m', 0, 2, '0000-00-00', '', 1);
COMMIT;

-- ----------------------------
-- Table structure for tCabangOlahraga
-- ----------------------------
DROP TABLE IF EXISTS `tCabangOlahraga`;
CREATE TABLE `tCabangOlahraga` (
  `idCabangOlahraga` int(11) unsigned NOT NULL,
  `namaCabangOlahraga` varchar(100) NOT NULL DEFAULT '',
  `orderCabangOlahraga` int(11) NOT NULL,
  `statusCabangOlahraga` tinyint(4) NOT NULL,
  PRIMARY KEY (`idCabangOlahraga`)
) ENGINE=InnoDB DEFAULT CHARSET=latin1;

-- ----------------------------
-- Records of tCabangOlahraga
-- ----------------------------
BEGIN;
INSERT INTO `tCabangOlahraga` (`idCabangOlahraga`, `namaCabangOlahraga`, `orderCabangOlahraga`, `statusCabangOlahraga`) VALUES (1, 'Ski Air & Weakboard', 1, 2);
INSERT INTO `tCabangOlahraga` (`idCabangOlahraga`, `namaCabangOlahraga`, `orderCabangOlahraga`, `statusCabangOlahraga`) VALUES (2, 'Bola Volly', 2, 2);
INSERT INTO `tCabangOlahraga` (`idCabangOlahraga`, `namaCabangOlahraga`, `orderCabangOlahraga`, `statusCabangOlahraga`) VALUES (3, 'Renang', 3, 2);
INSERT INTO `tCabangOlahraga` (`idCabangOlahraga`, `namaCabangOlahraga`, `orderCabangOlahraga`, `statusCabangOlahraga`) VALUES (4, 'Arung Jeram', 4, 2);
INSERT INTO `tCabangOlahraga` (`idCabangOlahraga`, `namaCabangOlahraga`, `orderCabangOlahraga`, `statusCabangOlahraga`) VALUES (5, 'Panjat Dinding', 5, 2);
INSERT INTO `tCabangOlahraga` (`idCabangOlahraga`, `namaCabangOlahraga`, `orderCabangOlahraga`, `statusCabangOlahraga`) VALUES (6, 'Dancesport', 6, 2);
INSERT INTO `tCabangOlahraga` (`idCabangOlahraga`, `namaCabangOlahraga`, `orderCabangOlahraga`, `statusCabangOlahraga`) VALUES (7, 'Menembak', 7, 2);
INSERT INTO `tCabangOlahraga` (`idCabangOlahraga`, `namaCabangOlahraga`, `orderCabangOlahraga`, `statusCabangOlahraga`) VALUES (8, 'Biliar', 8, 2);
INSERT INTO `tCabangOlahraga` (`idCabangOlahraga`, `namaCabangOlahraga`, `orderCabangOlahraga`, `statusCabangOlahraga`) VALUES (9, 'Panahan', 9, 2);
INSERT INTO `tCabangOlahraga` (`idCabangOlahraga`, `namaCabangOlahraga`, `orderCabangOlahraga`, `statusCabangOlahraga`) VALUES (10, 'Senam', 10, 2);
INSERT INTO `tCabangOlahraga` (`idCabangOlahraga`, `namaCabangOlahraga`, `orderCabangOlahraga`, `statusCabangOlahraga`) VALUES (11, 'Binaraga', 11, 2);
INSERT INTO `tCabangOlahraga` (`idCabangOlahraga`, `namaCabangOlahraga`, `orderCabangOlahraga`, `statusCabangOlahraga`) VALUES (12, 'Porserosi / Sepatu Roda (Skateboard)', 12, 2);
INSERT INTO `tCabangOlahraga` (`idCabangOlahraga`, `namaCabangOlahraga`, `orderCabangOlahraga`, `statusCabangOlahraga`) VALUES (13, 'Atletik', 13, 2);
INSERT INTO `tCabangOlahraga` (`idCabangOlahraga`, `namaCabangOlahraga`, `orderCabangOlahraga`, `statusCabangOlahraga`) VALUES (14, 'Binaraga, Angkat Berat & Angkat Besi', 14, 2);
INSERT INTO `tCabangOlahraga` (`idCabangOlahraga`, `namaCabangOlahraga`, `orderCabangOlahraga`, `statusCabangOlahraga`) VALUES (15, 'Balap Sepeda', 15, 2);
INSERT INTO `tCabangOlahraga` (`idCabangOlahraga`, `namaCabangOlahraga`, `orderCabangOlahraga`, `statusCabangOlahraga`) VALUES (16, 'Dayung', 16, 2);
INSERT INTO `tCabangOlahraga` (`idCabangOlahraga`, `namaCabangOlahraga`, `orderCabangOlahraga`, `statusCabangOlahraga`) VALUES (17, 'Anggar', 17, 2);
INSERT INTO `tCabangOlahraga` (`idCabangOlahraga`, `namaCabangOlahraga`, `orderCabangOlahraga`, `statusCabangOlahraga`) VALUES (18, 'Judo', 18, 2);
INSERT INTO `tCabangOlahraga` (`idCabangOlahraga`, `namaCabangOlahraga`, `orderCabangOlahraga`, `statusCabangOlahraga`) VALUES (19, 'Gulat', 19, 2);
INSERT INTO `tCabangOlahraga` (`idCabangOlahraga`, `namaCabangOlahraga`, `orderCabangOlahraga`, `statusCabangOlahraga`) VALUES (20, 'Muaythai', 20, 2);
INSERT INTO `tCabangOlahraga` (`idCabangOlahraga`, `namaCabangOlahraga`, `orderCabangOlahraga`, `statusCabangOlahraga`) VALUES (21, 'Karate', 21, 2);
INSERT INTO `tCabangOlahraga` (`idCabangOlahraga`, `namaCabangOlahraga`, `orderCabangOlahraga`, `statusCabangOlahraga`) VALUES (22, 'Kempo', 22, 2);
INSERT INTO `tCabangOlahraga` (`idCabangOlahraga`, `namaCabangOlahraga`, `orderCabangOlahraga`, `statusCabangOlahraga`) VALUES (23, 'Pencak Silat', 23, 2);
INSERT INTO `tCabangOlahraga` (`idCabangOlahraga`, `namaCabangOlahraga`, `orderCabangOlahraga`, `statusCabangOlahraga`) VALUES (24, 'Taekwondo', 24, 2);
INSERT INTO `tCabangOlahraga` (`idCabangOlahraga`, `namaCabangOlahraga`, `orderCabangOlahraga`, `statusCabangOlahraga`) VALUES (25, 'Tinju', 25, 2);
INSERT INTO `tCabangOlahraga` (`idCabangOlahraga`, `namaCabangOlahraga`, `orderCabangOlahraga`, `statusCabangOlahraga`) VALUES (26, 'Barongsai', 26, 2);
INSERT INTO `tCabangOlahraga` (`idCabangOlahraga`, `namaCabangOlahraga`, `orderCabangOlahraga`, `statusCabangOlahraga`) VALUES (27, 'Bola Tangan', 27, 2);
INSERT INTO `tCabangOlahraga` (`idCabangOlahraga`, `namaCabangOlahraga`, `orderCabangOlahraga`, `statusCabangOlahraga`) VALUES (28, 'Futsal', 28, 2);
INSERT INTO `tCabangOlahraga` (`idCabangOlahraga`, `namaCabangOlahraga`, `orderCabangOlahraga`, `statusCabangOlahraga`) VALUES (29, 'Bridge', 29, 2);
INSERT INTO `tCabangOlahraga` (`idCabangOlahraga`, `namaCabangOlahraga`, `orderCabangOlahraga`, `statusCabangOlahraga`) VALUES (30, 'Bulu Tangkis', 30, 2);
INSERT INTO `tCabangOlahraga` (`idCabangOlahraga`, `namaCabangOlahraga`, `orderCabangOlahraga`, `statusCabangOlahraga`) VALUES (31, 'Drumband', 31, 2);
INSERT INTO `tCabangOlahraga` (`idCabangOlahraga`, `namaCabangOlahraga`, `orderCabangOlahraga`, `statusCabangOlahraga`) VALUES (32, 'Tenis Lapangan', 32, 2);
INSERT INTO `tCabangOlahraga` (`idCabangOlahraga`, `namaCabangOlahraga`, `orderCabangOlahraga`, `statusCabangOlahraga`) VALUES (33, 'Bola Basket', 33, 2);
INSERT INTO `tCabangOlahraga` (`idCabangOlahraga`, `namaCabangOlahraga`, `orderCabangOlahraga`, `statusCabangOlahraga`) VALUES (34, 'Catur', 34, 2);
INSERT INTO `tCabangOlahraga` (`idCabangOlahraga`, `namaCabangOlahraga`, `orderCabangOlahraga`, `statusCabangOlahraga`) VALUES (35, 'Gateball', 35, 2);
INSERT INTO `tCabangOlahraga` (`idCabangOlahraga`, `namaCabangOlahraga`, `orderCabangOlahraga`, `statusCabangOlahraga`) VALUES (36, 'Golf', 36, 2);
INSERT INTO `tCabangOlahraga` (`idCabangOlahraga`, `namaCabangOlahraga`, `orderCabangOlahraga`, `statusCabangOlahraga`) VALUES (37, 'Sepak Takraw', 37, 2);
INSERT INTO `tCabangOlahraga` (`idCabangOlahraga`, `namaCabangOlahraga`, `orderCabangOlahraga`, `statusCabangOlahraga`) VALUES (38, 'Bowling', 38, 2);
INSERT INTO `tCabangOlahraga` (`idCabangOlahraga`, `namaCabangOlahraga`, `orderCabangOlahraga`, `statusCabangOlahraga`) VALUES (39, 'Tenis Meja', 39, 2);
INSERT INTO `tCabangOlahraga` (`idCabangOlahraga`, `namaCabangOlahraga`, `orderCabangOlahraga`, `statusCabangOlahraga`) VALUES (40, 'Sepakbola', 40, 2);
COMMIT;

-- ----------------------------
-- Table structure for tEventOlahraga
-- ----------------------------
DROP TABLE IF EXISTS `tEventOlahraga`;
CREATE TABLE `tEventOlahraga` (
  `idEventOlahraga` int(11) unsigned NOT NULL AUTO_INCREMENT,
  `namaEventOlahraga` varchar(200) NOT NULL DEFAULT '',
  `tglMulai` date NOT NULL,
  `tglSelesai` date NOT NULL,
  `level` int(11) NOT NULL,
  `tglDaftarBuka` date NOT NULL,
  `tglDaftarTutup` date NOT NULL,
  `klasemen` tinyint(4) NOT NULL,
  `orderEventOlahraga` int(11) NOT NULL,
  `statusEventOlahraga` tinyint(4) NOT NULL,
  PRIMARY KEY (`idEventOlahraga`)
) ENGINE=InnoDB AUTO_INCREMENT=3 DEFAULT CHARSET=latin1;

-- ----------------------------
-- Records of tEventOlahraga
-- ----------------------------
BEGIN;
INSERT INTO `tEventOlahraga` (`idEventOlahraga`, `namaEventOlahraga`, `tglMulai`, `tglSelesai`, `level`, `tglDaftarBuka`, `tglDaftarTutup`, `klasemen`, `orderEventOlahraga`, `statusEventOlahraga`) VALUES (1, 'Maraton Provinsi', '2018-11-12', '2018-11-15', 1, '2018-11-13', '2018-11-14', 1, 1, 2);
INSERT INTO `tEventOlahraga` (`idEventOlahraga`, `namaEventOlahraga`, `tglMulai`, `tglSelesai`, `level`, `tglDaftarBuka`, `tglDaftarTutup`, `klasemen`, `orderEventOlahraga`, `statusEventOlahraga`) VALUES (2, 'Renang Antar Pulau', '2018-11-19', '2018-11-22', 1, '2018-11-20', '2018-11-21', 2, 2, 2);
COMMIT;

-- ----------------------------
-- Table structure for tJenisKelamin
-- ----------------------------
DROP TABLE IF EXISTS `tJenisKelamin`;
CREATE TABLE `tJenisKelamin` (
  `idJenisKelamin` int(11) NOT NULL AUTO_INCREMENT,
  `ketJenisKelamin` varchar(100) NOT NULL,
  `urutJenisKelamin` int(11) NOT NULL,
  `statusJenisKelamin` tinyint(4) NOT NULL,
  PRIMARY KEY (`idJenisKelamin`)
) ENGINE=MyISAM AUTO_INCREMENT=3 DEFAULT CHARSET=latin1;

-- ----------------------------
-- Records of tJenisKelamin
-- ----------------------------
BEGIN;
INSERT INTO `tJenisKelamin` (`idJenisKelamin`, `ketJenisKelamin`, `urutJenisKelamin`, `statusJenisKelamin`) VALUES (1, 'Laki-laki', 1, 2);
INSERT INTO `tJenisKelamin` (`idJenisKelamin`, `ketJenisKelamin`, `urutJenisKelamin`, `statusJenisKelamin`) VALUES (2, 'Perempuan', 2, 2);
COMMIT;

-- ----------------------------
-- Table structure for tJenisOlahraga
-- ----------------------------
DROP TABLE IF EXISTS `tJenisOlahraga`;
CREATE TABLE `tJenisOlahraga` (
  `idJenisOlahraga` int(11) unsigned NOT NULL,
  `namaJenisOlahraga` varchar(100) NOT NULL DEFAULT '',
  `orderJenisOlahraga` int(11) NOT NULL,
  `statusJenisOlahraga` tinyint(4) NOT NULL,
  PRIMARY KEY (`idJenisOlahraga`)
) ENGINE=InnoDB DEFAULT CHARSET=latin1;

-- ----------------------------
-- Records of tJenisOlahraga
-- ----------------------------
BEGIN;
INSERT INTO `tJenisOlahraga` (`idJenisOlahraga`, `namaJenisOlahraga`, `orderJenisOlahraga`, `statusJenisOlahraga`) VALUES (1, 'Indoor', 1, 2);
INSERT INTO `tJenisOlahraga` (`idJenisOlahraga`, `namaJenisOlahraga`, `orderJenisOlahraga`, `statusJenisOlahraga`) VALUES (2, 'Outdoor', 2, 2);
INSERT INTO `tJenisOlahraga` (`idJenisOlahraga`, `namaJenisOlahraga`, `orderJenisOlahraga`, `statusJenisOlahraga`) VALUES (3, 'Indoor/Outdoor', 3, 2);
COMMIT;

-- ----------------------------
-- Table structure for tKecamatan
-- ----------------------------
DROP TABLE IF EXISTS `tKecamatan`;
CREATE TABLE `tKecamatan` (
  `idKecamatan` int(11) unsigned NOT NULL,
  `namaKecamatan` varchar(100) NOT NULL DEFAULT '',
  `orderKecamatan` int(11) NOT NULL,
  `statusKecamatan` tinyint(4) NOT NULL,
  PRIMARY KEY (`idKecamatan`)
) ENGINE=InnoDB DEFAULT CHARSET=latin1;

-- ----------------------------
-- Records of tKecamatan
-- ----------------------------
BEGIN;
INSERT INTO `tKecamatan` (`idKecamatan`, `namaKecamatan`, `orderKecamatan`, `statusKecamatan`) VALUES (0, 'Tidak Tahu/Luar Banjarmasin', 6, 2);
INSERT INTO `tKecamatan` (`idKecamatan`, `namaKecamatan`, `orderKecamatan`, `statusKecamatan`) VALUES (1, 'Banjarmasin Barat', 1, 2);
INSERT INTO `tKecamatan` (`idKecamatan`, `namaKecamatan`, `orderKecamatan`, `statusKecamatan`) VALUES (2, 'Banjarmasin Utara', 2, 2);
INSERT INTO `tKecamatan` (`idKecamatan`, `namaKecamatan`, `orderKecamatan`, `statusKecamatan`) VALUES (3, 'Banjarmasin Tengah', 3, 2);
INSERT INTO `tKecamatan` (`idKecamatan`, `namaKecamatan`, `orderKecamatan`, `statusKecamatan`) VALUES (4, 'Banjarmasin Timur', 4, 2);
INSERT INTO `tKecamatan` (`idKecamatan`, `namaKecamatan`, `orderKecamatan`, `statusKecamatan`) VALUES (5, 'Banjarmasin Selatan', 5, 2);
COMMIT;

-- ----------------------------
-- Table structure for tMenu
-- ----------------------------
DROP TABLE IF EXISTS `tMenu`;
CREATE TABLE `tMenu` (
  `kodeMenu` char(5) NOT NULL DEFAULT '',
  `kodeInduk` char(5) DEFAULT NULL,
  `namaMenu` varchar(20) DEFAULT NULL,
  `urlMenu` varchar(50) DEFAULT NULL,
  `iconMenu` varchar(20) DEFAULT NULL,
  `orderMenu` int(11) DEFAULT NULL,
  `statusMenu` tinyint(2) DEFAULT '0',
  PRIMARY KEY (`kodeMenu`)
) ENGINE=InnoDB DEFAULT CHARSET=latin1;

-- ----------------------------
-- Records of tMenu
-- ----------------------------
BEGIN;
INSERT INTO `tMenu` (`kodeMenu`, `kodeInduk`, `namaMenu`, `urlMenu`, `iconMenu`, `orderMenu`, `statusMenu`) VALUES ('00001', '00000', 'Dashboard', 'dashboard', 'fa fa-th-large', 0, 2);
INSERT INTO `tMenu` (`kodeMenu`, `kodeInduk`, `namaMenu`, `urlMenu`, `iconMenu`, `orderMenu`, `statusMenu`) VALUES ('01000', '00000', 'URF / PRF', '', 'fa fa-cubes', 1, 2);
INSERT INTO `tMenu` (`kodeMenu`, `kodeInduk`, `namaMenu`, `urlMenu`, `iconMenu`, `orderMenu`, `statusMenu`) VALUES ('01001', '01000', 'Daftar URF / PRF', 'urfprf/daftarUrfprf', '', 1, 2);
INSERT INTO `tMenu` (`kodeMenu`, `kodeInduk`, `namaMenu`, `urlMenu`, `iconMenu`, `orderMenu`, `statusMenu`) VALUES ('01002', '01000', 'Baru', 'urfprf/formUrfprf', '', 2, 2);
INSERT INTO `tMenu` (`kodeMenu`, `kodeInduk`, `namaMenu`, `urlMenu`, `iconMenu`, `orderMenu`, `statusMenu`) VALUES ('10000', '00000', 'SP2D', '', 'fa fa-tags', 2, 2);
INSERT INTO `tMenu` (`kodeMenu`, `kodeInduk`, `namaMenu`, `urlMenu`, `iconMenu`, `orderMenu`, `statusMenu`) VALUES ('10100', '10000', 'Registrasi', '', '', 1, 2);
INSERT INTO `tMenu` (`kodeMenu`, `kodeInduk`, `namaMenu`, `urlMenu`, `iconMenu`, `orderMenu`, `statusMenu`) VALUES ('10101', '10100', 'Daftar Registrasi', 'registrasi/daftarRegistrasi', '', 1, 2);
INSERT INTO `tMenu` (`kodeMenu`, `kodeInduk`, `namaMenu`, `urlMenu`, `iconMenu`, `orderMenu`, `statusMenu`) VALUES ('10102', '10100', 'Registrasi Baru', 'registrasi/formRegistrasi', '', 2, 2);
INSERT INTO `tMenu` (`kodeMenu`, `kodeInduk`, `namaMenu`, `urlMenu`, `iconMenu`, `orderMenu`, `statusMenu`) VALUES ('10200', '10000', 'Verifikasi', '', '', 2, 2);
INSERT INTO `tMenu` (`kodeMenu`, `kodeInduk`, `namaMenu`, `urlMenu`, `iconMenu`, `orderMenu`, `statusMenu`) VALUES ('10201', '10200', 'Daftar Verifikasi', 'verifikasi/daftarVerifikasi', '', 1, 2);
INSERT INTO `tMenu` (`kodeMenu`, `kodeInduk`, `namaMenu`, `urlMenu`, `iconMenu`, `orderMenu`, `statusMenu`) VALUES ('10202', '10200', 'Verifikasi Baru', 'verifikasi/formVerifikasi', '', 2, 2);
INSERT INTO `tMenu` (`kodeMenu`, `kodeInduk`, `namaMenu`, `urlMenu`, `iconMenu`, `orderMenu`, `statusMenu`) VALUES ('10300', '10000', 'Penomoran', '', '', 3, 2);
INSERT INTO `tMenu` (`kodeMenu`, `kodeInduk`, `namaMenu`, `urlMenu`, `iconMenu`, `orderMenu`, `statusMenu`) VALUES ('10301', '10300', 'Penomoran SP2D', 'nomor/daftarNomor', '', 1, 2);
INSERT INTO `tMenu` (`kodeMenu`, `kodeInduk`, `namaMenu`, `urlMenu`, `iconMenu`, `orderMenu`, `statusMenu`) VALUES ('10302', '10300', 'Nomor Baru', 'nomor/formNomor', '', 2, 2);
INSERT INTO `tMenu` (`kodeMenu`, `kodeInduk`, `namaMenu`, `urlMenu`, `iconMenu`, `orderMenu`, `statusMenu`) VALUES ('10400', '10000', 'Review', '', '', 4, 2);
INSERT INTO `tMenu` (`kodeMenu`, `kodeInduk`, `namaMenu`, `urlMenu`, `iconMenu`, `orderMenu`, `statusMenu`) VALUES ('10401', '10400', 'Review SP2D', 'review/daftarReview', '', 1, 2);
INSERT INTO `tMenu` (`kodeMenu`, `kodeInduk`, `namaMenu`, `urlMenu`, `iconMenu`, `orderMenu`, `statusMenu`) VALUES ('20000', '00000', 'Report', '', 'fa fa-area-chart', 3, 2);
INSERT INTO `tMenu` (`kodeMenu`, `kodeInduk`, `namaMenu`, `urlMenu`, `iconMenu`, `orderMenu`, `statusMenu`) VALUES ('20100', '20000', 'Report Atlet', 'laporan/atlet', '', 1, 2);
INSERT INTO `tMenu` (`kodeMenu`, `kodeInduk`, `namaMenu`, `urlMenu`, `iconMenu`, `orderMenu`, `statusMenu`) VALUES ('20200', '20000', 'Report Pelatih', 'laporan/pelatih', '', 2, 2);
INSERT INTO `tMenu` (`kodeMenu`, `kodeInduk`, `namaMenu`, `urlMenu`, `iconMenu`, `orderMenu`, `statusMenu`) VALUES ('20300', '20000', 'Report Wasit', 'laporan/wasit', '', 3, 2);
INSERT INTO `tMenu` (`kodeMenu`, `kodeInduk`, `namaMenu`, `urlMenu`, `iconMenu`, `orderMenu`, `statusMenu`) VALUES ('20400', '20000', 'Report Event', 'laporan/event', '', 4, 2);
INSERT INTO `tMenu` (`kodeMenu`, `kodeInduk`, `namaMenu`, `urlMenu`, `iconMenu`, `orderMenu`, `statusMenu`) VALUES ('20500', '20000', 'Report Pengurus', 'laporan/pengurus', '', 5, 2);
INSERT INTO `tMenu` (`kodeMenu`, `kodeInduk`, `namaMenu`, `urlMenu`, `iconMenu`, `orderMenu`, `statusMenu`) VALUES ('20600', '20000', 'Report Sarana Pra', 'laporan/sarana', '', 6, 2);
INSERT INTO `tMenu` (`kodeMenu`, `kodeInduk`, `namaMenu`, `urlMenu`, `iconMenu`, `orderMenu`, `statusMenu`) VALUES ('30000', '00000', 'Master Data', '', 'fa fa-gear', 4, 2);
INSERT INTO `tMenu` (`kodeMenu`, `kodeInduk`, `namaMenu`, `urlMenu`, `iconMenu`, `orderMenu`, `statusMenu`) VALUES ('30100', '30000', 'Kecamatan', '', '', 1, 2);
INSERT INTO `tMenu` (`kodeMenu`, `kodeInduk`, `namaMenu`, `urlMenu`, `iconMenu`, `orderMenu`, `statusMenu`) VALUES ('30101', '30100', 'Daftar Kecamatan', 'kecamatan/daftarKecamatan', '', 1, 2);
INSERT INTO `tMenu` (`kodeMenu`, `kodeInduk`, `namaMenu`, `urlMenu`, `iconMenu`, `orderMenu`, `statusMenu`) VALUES ('30102', '30100', 'Tambah Kecamatan', 'kecamatan/formKecamatan', '', 2, 2);
INSERT INTO `tMenu` (`kodeMenu`, `kodeInduk`, `namaMenu`, `urlMenu`, `iconMenu`, `orderMenu`, `statusMenu`) VALUES ('30200', '30000', 'Cabang Olahraga', '', '', 2, 2);
INSERT INTO `tMenu` (`kodeMenu`, `kodeInduk`, `namaMenu`, `urlMenu`, `iconMenu`, `orderMenu`, `statusMenu`) VALUES ('30201', '30200', 'Daftar Cab. Olahraga', 'cabangOlahraga/daftarCabangOlahraga', '', 1, 2);
INSERT INTO `tMenu` (`kodeMenu`, `kodeInduk`, `namaMenu`, `urlMenu`, `iconMenu`, `orderMenu`, `statusMenu`) VALUES ('30202', '30200', 'Tambah Cab. Olahraga', 'cabangOlahraga/formCabangOlahraga', '', 2, 2);
INSERT INTO `tMenu` (`kodeMenu`, `kodeInduk`, `namaMenu`, `urlMenu`, `iconMenu`, `orderMenu`, `statusMenu`) VALUES ('30300', '30000', 'Jenis Olahraga', '', '', 3, 2);
INSERT INTO `tMenu` (`kodeMenu`, `kodeInduk`, `namaMenu`, `urlMenu`, `iconMenu`, `orderMenu`, `statusMenu`) VALUES ('30301', '30300', 'Daftar Jenis Olahrag', 'jenisOlahraga/daftarJenisOlahraga', '', 1, 2);
INSERT INTO `tMenu` (`kodeMenu`, `kodeInduk`, `namaMenu`, `urlMenu`, `iconMenu`, `orderMenu`, `statusMenu`) VALUES ('30302', '30300', 'Tambah Jenis Olahrag', 'jenisOlahraga/formJenisOlahraga', '', 2, 2);
INSERT INTO `tMenu` (`kodeMenu`, `kodeInduk`, `namaMenu`, `urlMenu`, `iconMenu`, `orderMenu`, `statusMenu`) VALUES ('30400', '30000', 'Atlet', '', '', 4, 2);
INSERT INTO `tMenu` (`kodeMenu`, `kodeInduk`, `namaMenu`, `urlMenu`, `iconMenu`, `orderMenu`, `statusMenu`) VALUES ('30401', '30400', 'Daftar Atlet', 'atlet/daftarAtlet', '', 1, 2);
INSERT INTO `tMenu` (`kodeMenu`, `kodeInduk`, `namaMenu`, `urlMenu`, `iconMenu`, `orderMenu`, `statusMenu`) VALUES ('30402', '30400', 'Tambah Atlet', 'atlet/formAtlet', '', 2, 2);
INSERT INTO `tMenu` (`kodeMenu`, `kodeInduk`, `namaMenu`, `urlMenu`, `iconMenu`, `orderMenu`, `statusMenu`) VALUES ('30500', '30000', 'Pelatih', '', '', 5, 2);
INSERT INTO `tMenu` (`kodeMenu`, `kodeInduk`, `namaMenu`, `urlMenu`, `iconMenu`, `orderMenu`, `statusMenu`) VALUES ('30501', '30500', 'Daftar Pelatih', 'pelatih/daftarPelatih', '', 1, 2);
INSERT INTO `tMenu` (`kodeMenu`, `kodeInduk`, `namaMenu`, `urlMenu`, `iconMenu`, `orderMenu`, `statusMenu`) VALUES ('30502', '30500', 'Tambah Pelatih', 'pelatih/formPelatih', '', 2, 2);
INSERT INTO `tMenu` (`kodeMenu`, `kodeInduk`, `namaMenu`, `urlMenu`, `iconMenu`, `orderMenu`, `statusMenu`) VALUES ('30600', '30000', 'Wasit', '', '', 6, 2);
INSERT INTO `tMenu` (`kodeMenu`, `kodeInduk`, `namaMenu`, `urlMenu`, `iconMenu`, `orderMenu`, `statusMenu`) VALUES ('30601', '30600', 'Daftar Wasit', 'wasit/daftarWasit', '', 1, 2);
INSERT INTO `tMenu` (`kodeMenu`, `kodeInduk`, `namaMenu`, `urlMenu`, `iconMenu`, `orderMenu`, `statusMenu`) VALUES ('30602', '30600', 'Tambah Wasit', 'wasit/formWasit', '', 2, 2);
INSERT INTO `tMenu` (`kodeMenu`, `kodeInduk`, `namaMenu`, `urlMenu`, `iconMenu`, `orderMenu`, `statusMenu`) VALUES ('30700', '30000', 'Event Olahraga', '', '', 7, 2);
INSERT INTO `tMenu` (`kodeMenu`, `kodeInduk`, `namaMenu`, `urlMenu`, `iconMenu`, `orderMenu`, `statusMenu`) VALUES ('30701', '30700', 'Daftar Event', 'eventOlahraga/daftarEventOlahraga', '', 1, 2);
INSERT INTO `tMenu` (`kodeMenu`, `kodeInduk`, `namaMenu`, `urlMenu`, `iconMenu`, `orderMenu`, `statusMenu`) VALUES ('30702', '30700', 'Tambah Event', 'eventOlahraga/formEventOlahraga', '', 2, 2);
INSERT INTO `tMenu` (`kodeMenu`, `kodeInduk`, `namaMenu`, `urlMenu`, `iconMenu`, `orderMenu`, `statusMenu`) VALUES ('30800', '30000', 'Pengurus Olahraga', '', '', 8, 2);
INSERT INTO `tMenu` (`kodeMenu`, `kodeInduk`, `namaMenu`, `urlMenu`, `iconMenu`, `orderMenu`, `statusMenu`) VALUES ('30801', '30800', 'Daftar Pengurus', 'pengurus/daftarPengurus', '', 1, 2);
INSERT INTO `tMenu` (`kodeMenu`, `kodeInduk`, `namaMenu`, `urlMenu`, `iconMenu`, `orderMenu`, `statusMenu`) VALUES ('30802', '30800', 'Tambah Pengurus', 'pengurus/formPengurus', '', 2, 2);
INSERT INTO `tMenu` (`kodeMenu`, `kodeInduk`, `namaMenu`, `urlMenu`, `iconMenu`, `orderMenu`, `statusMenu`) VALUES ('30900', '30000', 'Sarana Prasarana', '', '', 9, 2);
INSERT INTO `tMenu` (`kodeMenu`, `kodeInduk`, `namaMenu`, `urlMenu`, `iconMenu`, `orderMenu`, `statusMenu`) VALUES ('30901', '30900', 'Daftar Sarana Pra', 'saranaPrasarana/daftarSaranaPrasarana', '', 1, 2);
INSERT INTO `tMenu` (`kodeMenu`, `kodeInduk`, `namaMenu`, `urlMenu`, `iconMenu`, `orderMenu`, `statusMenu`) VALUES ('30902', '30900', 'Tambah Sarana Pra', 'saranaPrasarana/formSaranaPrasarana', '', 2, 2);
INSERT INTO `tMenu` (`kodeMenu`, `kodeInduk`, `namaMenu`, `urlMenu`, `iconMenu`, `orderMenu`, `statusMenu`) VALUES ('99000', '00000', 'Pengaturan', '', 'fa fa-gears', 9, 2);
INSERT INTO `tMenu` (`kodeMenu`, `kodeInduk`, `namaMenu`, `urlMenu`, `iconMenu`, `orderMenu`, `statusMenu`) VALUES ('99100', '99000', 'User', '', '', 1, 2);
INSERT INTO `tMenu` (`kodeMenu`, `kodeInduk`, `namaMenu`, `urlMenu`, `iconMenu`, `orderMenu`, `statusMenu`) VALUES ('99101', '99100', 'Daftar User', 'user/daftarUser', '', 1, 2);
INSERT INTO `tMenu` (`kodeMenu`, `kodeInduk`, `namaMenu`, `urlMenu`, `iconMenu`, `orderMenu`, `statusMenu`) VALUES ('99102', '99100', 'Tambah User', 'user/formUser', '', 2, 2);
INSERT INTO `tMenu` (`kodeMenu`, `kodeInduk`, `namaMenu`, `urlMenu`, `iconMenu`, `orderMenu`, `statusMenu`) VALUES ('99200', '99000', 'Menu', '', '', 9, 2);
INSERT INTO `tMenu` (`kodeMenu`, `kodeInduk`, `namaMenu`, `urlMenu`, `iconMenu`, `orderMenu`, `statusMenu`) VALUES ('99201', '99200', 'Daftar Menu', 'menu/daftarMenu', '', 1, 2);
INSERT INTO `tMenu` (`kodeMenu`, `kodeInduk`, `namaMenu`, `urlMenu`, `iconMenu`, `orderMenu`, `statusMenu`) VALUES ('99202', '99200', 'Tambah Menu', 'menu/formMenu', '', 2, 2);
INSERT INTO `tMenu` (`kodeMenu`, `kodeInduk`, `namaMenu`, `urlMenu`, `iconMenu`, `orderMenu`, `statusMenu`) VALUES ('99300', '99000', 'Group', '', '', 2, 2);
INSERT INTO `tMenu` (`kodeMenu`, `kodeInduk`, `namaMenu`, `urlMenu`, `iconMenu`, `orderMenu`, `statusMenu`) VALUES ('99301', '99300', 'Daftar Group', 'group/daftarGroup', '', 1, 2);
INSERT INTO `tMenu` (`kodeMenu`, `kodeInduk`, `namaMenu`, `urlMenu`, `iconMenu`, `orderMenu`, `statusMenu`) VALUES ('99302', '99300', 'Tambah Group', 'group/formGroup', '', 2, 2);
INSERT INTO `tMenu` (`kodeMenu`, `kodeInduk`, `namaMenu`, `urlMenu`, `iconMenu`, `orderMenu`, `statusMenu`) VALUES ('99400', '99000', 'Sub Group', '', '', 3, 2);
INSERT INTO `tMenu` (`kodeMenu`, `kodeInduk`, `namaMenu`, `urlMenu`, `iconMenu`, `orderMenu`, `statusMenu`) VALUES ('99401', '99400', 'Daftar Sub Group', 'subgroup/daftarSubgroup', '', 1, 2);
INSERT INTO `tMenu` (`kodeMenu`, `kodeInduk`, `namaMenu`, `urlMenu`, `iconMenu`, `orderMenu`, `statusMenu`) VALUES ('99402', '99400', 'Tambah Sub Group', 'subgroup/formSubgroup', '', 2, 2);
INSERT INTO `tMenu` (`kodeMenu`, `kodeInduk`, `namaMenu`, `urlMenu`, `iconMenu`, `orderMenu`, `statusMenu`) VALUES ('99500', '99000', 'Role', '', '', 4, 2);
INSERT INTO `tMenu` (`kodeMenu`, `kodeInduk`, `namaMenu`, `urlMenu`, `iconMenu`, `orderMenu`, `statusMenu`) VALUES ('99501', '99500', 'Daftar Role', 'role/daftarRole', '', 1, 2);
INSERT INTO `tMenu` (`kodeMenu`, `kodeInduk`, `namaMenu`, `urlMenu`, `iconMenu`, `orderMenu`, `statusMenu`) VALUES ('99502', '99500', 'Role Baru', 'role/formRole', '', 2, 2);
INSERT INTO `tMenu` (`kodeMenu`, `kodeInduk`, `namaMenu`, `urlMenu`, `iconMenu`, `orderMenu`, `statusMenu`) VALUES ('99600', '99000', 'Otoritas', 'otoritas', '', 5, 2);
INSERT INTO `tMenu` (`kodeMenu`, `kodeInduk`, `namaMenu`, `urlMenu`, `iconMenu`, `orderMenu`, `statusMenu`) VALUES ('99998', '99000', 'Ganti Password', 'resetpass/index', '', 10, 2);
INSERT INTO `tMenu` (`kodeMenu`, `kodeInduk`, `namaMenu`, `urlMenu`, `iconMenu`, `orderMenu`, `statusMenu`) VALUES ('99999', '99000', 'Lisensi', 'lisensi/index', '', 9, 2);
COMMIT;

-- ----------------------------
-- Table structure for tOtoritas
-- ----------------------------
DROP TABLE IF EXISTS `tOtoritas`;
CREATE TABLE `tOtoritas` (
  `idRole` tinyint(2) NOT NULL,
  `kodeMenu` char(5) NOT NULL,
  PRIMARY KEY (`idRole`,`kodeMenu`)
) ENGINE=InnoDB DEFAULT CHARSET=latin1;

-- ----------------------------
-- Records of tOtoritas
-- ----------------------------
BEGIN;
INSERT INTO `tOtoritas` (`idRole`, `kodeMenu`) VALUES (1, '00001');
INSERT INTO `tOtoritas` (`idRole`, `kodeMenu`) VALUES (1, '01001');
INSERT INTO `tOtoritas` (`idRole`, `kodeMenu`) VALUES (1, '01002');
INSERT INTO `tOtoritas` (`idRole`, `kodeMenu`) VALUES (1, '10100');
INSERT INTO `tOtoritas` (`idRole`, `kodeMenu`) VALUES (1, '10101');
INSERT INTO `tOtoritas` (`idRole`, `kodeMenu`) VALUES (1, '10102');
INSERT INTO `tOtoritas` (`idRole`, `kodeMenu`) VALUES (1, '10200');
INSERT INTO `tOtoritas` (`idRole`, `kodeMenu`) VALUES (1, '10201');
INSERT INTO `tOtoritas` (`idRole`, `kodeMenu`) VALUES (1, '10300');
INSERT INTO `tOtoritas` (`idRole`, `kodeMenu`) VALUES (1, '10301');
INSERT INTO `tOtoritas` (`idRole`, `kodeMenu`) VALUES (1, '10400');
INSERT INTO `tOtoritas` (`idRole`, `kodeMenu`) VALUES (1, '10401');
INSERT INTO `tOtoritas` (`idRole`, `kodeMenu`) VALUES (1, '20000');
INSERT INTO `tOtoritas` (`idRole`, `kodeMenu`) VALUES (1, '20100');
INSERT INTO `tOtoritas` (`idRole`, `kodeMenu`) VALUES (1, '20200');
INSERT INTO `tOtoritas` (`idRole`, `kodeMenu`) VALUES (1, '20300');
INSERT INTO `tOtoritas` (`idRole`, `kodeMenu`) VALUES (1, '20400');
INSERT INTO `tOtoritas` (`idRole`, `kodeMenu`) VALUES (1, '20500');
INSERT INTO `tOtoritas` (`idRole`, `kodeMenu`) VALUES (1, '20600');
INSERT INTO `tOtoritas` (`idRole`, `kodeMenu`) VALUES (1, '30000');
INSERT INTO `tOtoritas` (`idRole`, `kodeMenu`) VALUES (1, '30100');
INSERT INTO `tOtoritas` (`idRole`, `kodeMenu`) VALUES (1, '30101');
INSERT INTO `tOtoritas` (`idRole`, `kodeMenu`) VALUES (1, '30102');
INSERT INTO `tOtoritas` (`idRole`, `kodeMenu`) VALUES (1, '30200');
INSERT INTO `tOtoritas` (`idRole`, `kodeMenu`) VALUES (1, '30201');
INSERT INTO `tOtoritas` (`idRole`, `kodeMenu`) VALUES (1, '30202');
INSERT INTO `tOtoritas` (`idRole`, `kodeMenu`) VALUES (1, '30300');
INSERT INTO `tOtoritas` (`idRole`, `kodeMenu`) VALUES (1, '30301');
INSERT INTO `tOtoritas` (`idRole`, `kodeMenu`) VALUES (1, '30302');
INSERT INTO `tOtoritas` (`idRole`, `kodeMenu`) VALUES (1, '30400');
INSERT INTO `tOtoritas` (`idRole`, `kodeMenu`) VALUES (1, '30401');
INSERT INTO `tOtoritas` (`idRole`, `kodeMenu`) VALUES (1, '30402');
INSERT INTO `tOtoritas` (`idRole`, `kodeMenu`) VALUES (1, '30500');
INSERT INTO `tOtoritas` (`idRole`, `kodeMenu`) VALUES (1, '30501');
INSERT INTO `tOtoritas` (`idRole`, `kodeMenu`) VALUES (1, '30502');
INSERT INTO `tOtoritas` (`idRole`, `kodeMenu`) VALUES (1, '30600');
INSERT INTO `tOtoritas` (`idRole`, `kodeMenu`) VALUES (1, '30601');
INSERT INTO `tOtoritas` (`idRole`, `kodeMenu`) VALUES (1, '30602');
INSERT INTO `tOtoritas` (`idRole`, `kodeMenu`) VALUES (1, '30700');
INSERT INTO `tOtoritas` (`idRole`, `kodeMenu`) VALUES (1, '30701');
INSERT INTO `tOtoritas` (`idRole`, `kodeMenu`) VALUES (1, '30702');
INSERT INTO `tOtoritas` (`idRole`, `kodeMenu`) VALUES (1, '30800');
INSERT INTO `tOtoritas` (`idRole`, `kodeMenu`) VALUES (1, '30801');
INSERT INTO `tOtoritas` (`idRole`, `kodeMenu`) VALUES (1, '30802');
INSERT INTO `tOtoritas` (`idRole`, `kodeMenu`) VALUES (1, '30900');
INSERT INTO `tOtoritas` (`idRole`, `kodeMenu`) VALUES (1, '30901');
INSERT INTO `tOtoritas` (`idRole`, `kodeMenu`) VALUES (1, '30902');
INSERT INTO `tOtoritas` (`idRole`, `kodeMenu`) VALUES (1, '99000');
INSERT INTO `tOtoritas` (`idRole`, `kodeMenu`) VALUES (1, '99100');
INSERT INTO `tOtoritas` (`idRole`, `kodeMenu`) VALUES (1, '99101');
INSERT INTO `tOtoritas` (`idRole`, `kodeMenu`) VALUES (1, '99102');
INSERT INTO `tOtoritas` (`idRole`, `kodeMenu`) VALUES (1, '99200');
INSERT INTO `tOtoritas` (`idRole`, `kodeMenu`) VALUES (1, '99201');
INSERT INTO `tOtoritas` (`idRole`, `kodeMenu`) VALUES (1, '99202');
INSERT INTO `tOtoritas` (`idRole`, `kodeMenu`) VALUES (1, '99500');
INSERT INTO `tOtoritas` (`idRole`, `kodeMenu`) VALUES (1, '99501');
INSERT INTO `tOtoritas` (`idRole`, `kodeMenu`) VALUES (1, '99502');
INSERT INTO `tOtoritas` (`idRole`, `kodeMenu`) VALUES (1, '99600');
INSERT INTO `tOtoritas` (`idRole`, `kodeMenu`) VALUES (1, '99998');
INSERT INTO `tOtoritas` (`idRole`, `kodeMenu`) VALUES (2, '00001');
INSERT INTO `tOtoritas` (`idRole`, `kodeMenu`) VALUES (2, '20000');
INSERT INTO `tOtoritas` (`idRole`, `kodeMenu`) VALUES (2, '20100');
INSERT INTO `tOtoritas` (`idRole`, `kodeMenu`) VALUES (2, '20200');
INSERT INTO `tOtoritas` (`idRole`, `kodeMenu`) VALUES (2, '20300');
INSERT INTO `tOtoritas` (`idRole`, `kodeMenu`) VALUES (2, '20400');
INSERT INTO `tOtoritas` (`idRole`, `kodeMenu`) VALUES (2, '20500');
INSERT INTO `tOtoritas` (`idRole`, `kodeMenu`) VALUES (2, '20600');
INSERT INTO `tOtoritas` (`idRole`, `kodeMenu`) VALUES (2, '30000');
INSERT INTO `tOtoritas` (`idRole`, `kodeMenu`) VALUES (2, '30100');
INSERT INTO `tOtoritas` (`idRole`, `kodeMenu`) VALUES (2, '30101');
INSERT INTO `tOtoritas` (`idRole`, `kodeMenu`) VALUES (2, '30102');
INSERT INTO `tOtoritas` (`idRole`, `kodeMenu`) VALUES (2, '30200');
INSERT INTO `tOtoritas` (`idRole`, `kodeMenu`) VALUES (2, '30201');
INSERT INTO `tOtoritas` (`idRole`, `kodeMenu`) VALUES (2, '30202');
INSERT INTO `tOtoritas` (`idRole`, `kodeMenu`) VALUES (2, '30300');
INSERT INTO `tOtoritas` (`idRole`, `kodeMenu`) VALUES (2, '30301');
INSERT INTO `tOtoritas` (`idRole`, `kodeMenu`) VALUES (2, '30302');
INSERT INTO `tOtoritas` (`idRole`, `kodeMenu`) VALUES (2, '30400');
INSERT INTO `tOtoritas` (`idRole`, `kodeMenu`) VALUES (2, '30401');
INSERT INTO `tOtoritas` (`idRole`, `kodeMenu`) VALUES (2, '30402');
INSERT INTO `tOtoritas` (`idRole`, `kodeMenu`) VALUES (2, '30500');
INSERT INTO `tOtoritas` (`idRole`, `kodeMenu`) VALUES (2, '30501');
INSERT INTO `tOtoritas` (`idRole`, `kodeMenu`) VALUES (2, '30502');
INSERT INTO `tOtoritas` (`idRole`, `kodeMenu`) VALUES (2, '30600');
INSERT INTO `tOtoritas` (`idRole`, `kodeMenu`) VALUES (2, '30601');
INSERT INTO `tOtoritas` (`idRole`, `kodeMenu`) VALUES (2, '30602');
INSERT INTO `tOtoritas` (`idRole`, `kodeMenu`) VALUES (2, '30700');
INSERT INTO `tOtoritas` (`idRole`, `kodeMenu`) VALUES (2, '30701');
INSERT INTO `tOtoritas` (`idRole`, `kodeMenu`) VALUES (2, '30702');
INSERT INTO `tOtoritas` (`idRole`, `kodeMenu`) VALUES (2, '30800');
INSERT INTO `tOtoritas` (`idRole`, `kodeMenu`) VALUES (2, '30801');
INSERT INTO `tOtoritas` (`idRole`, `kodeMenu`) VALUES (2, '30802');
INSERT INTO `tOtoritas` (`idRole`, `kodeMenu`) VALUES (2, '30900');
INSERT INTO `tOtoritas` (`idRole`, `kodeMenu`) VALUES (2, '30901');
INSERT INTO `tOtoritas` (`idRole`, `kodeMenu`) VALUES (2, '30902');
INSERT INTO `tOtoritas` (`idRole`, `kodeMenu`) VALUES (2, '99000');
INSERT INTO `tOtoritas` (`idRole`, `kodeMenu`) VALUES (2, '99998');
INSERT INTO `tOtoritas` (`idRole`, `kodeMenu`) VALUES (3, '00001');
INSERT INTO `tOtoritas` (`idRole`, `kodeMenu`) VALUES (3, '10000');
INSERT INTO `tOtoritas` (`idRole`, `kodeMenu`) VALUES (3, '10100');
INSERT INTO `tOtoritas` (`idRole`, `kodeMenu`) VALUES (3, '10101');
INSERT INTO `tOtoritas` (`idRole`, `kodeMenu`) VALUES (3, '10102');
COMMIT;

-- ----------------------------
-- Table structure for tPelatih
-- ----------------------------
DROP TABLE IF EXISTS `tPelatih`;
CREATE TABLE `tPelatih` (
  `idPelatih` int(11) unsigned NOT NULL AUTO_INCREMENT,
  `idCabangOlahraga` int(11) NOT NULL,
  `idJenisOlahraga` int(11) NOT NULL,
  `idKecamatan` int(11) NOT NULL,
  `namaPelatih` varchar(200) NOT NULL DEFAULT '',
  `tempatLahirPelatih` varchar(100) NOT NULL DEFAULT '',
  `tglLahirPelatih` date NOT NULL,
  `alamatPelatih` varchar(200) NOT NULL DEFAULT '',
  `jenisKelaminPelatih` tinyint(4) NOT NULL,
  `telpPelatih` varchar(13) NOT NULL DEFAULT '',
  `fotoPelatih` varchar(100) NOT NULL DEFAULT '',
  `orderPelatih` int(11) NOT NULL,
  `statusPelatih` tinyint(4) NOT NULL,
  PRIMARY KEY (`idPelatih`)
) ENGINE=InnoDB AUTO_INCREMENT=42 DEFAULT CHARSET=latin1;

-- ----------------------------
-- Records of tPelatih
-- ----------------------------
BEGIN;
INSERT INTO `tPelatih` (`idPelatih`, `idCabangOlahraga`, `idJenisOlahraga`, `idKecamatan`, `namaPelatih`, `tempatLahirPelatih`, `tglLahirPelatih`, `alamatPelatih`, `jenisKelaminPelatih`, `telpPelatih`, `fotoPelatih`, `orderPelatih`, `statusPelatih`) VALUES (1, 1, 2, 1, 'Jurmansyah', 'Palangkaraya', '1970-06-26', 'xxx', 1, 'xxx', '', 1, 2);
INSERT INTO `tPelatih` (`idPelatih`, `idCabangOlahraga`, `idJenisOlahraga`, `idKecamatan`, `namaPelatih`, `tempatLahirPelatih`, `tglLahirPelatih`, `alamatPelatih`, `jenisKelaminPelatih`, `telpPelatih`, `fotoPelatih`, `orderPelatih`, `statusPelatih`) VALUES (2, 1, 2, 0, 'Safruddin / Udin Kidat', 'Banjarmasin', '1966-05-26', 'xxx', 1, 'xxx', '', 2, 2);
INSERT INTO `tPelatih` (`idPelatih`, `idCabangOlahraga`, `idJenisOlahraga`, `idKecamatan`, `namaPelatih`, `tempatLahirPelatih`, `tglLahirPelatih`, `alamatPelatih`, `jenisKelaminPelatih`, `telpPelatih`, `fotoPelatih`, `orderPelatih`, `statusPelatih`) VALUES (3, 2, 3, 2, 'Noor Yahman, S.PD', 'Pantai Hambawang', '1971-11-27', 'Jl. Padat Karya Komp.Kayu Bulan Blok A No.19 Rt.61 Sungai Andai Bjm', 1, 'xxx', '', 1, 2);
INSERT INTO `tPelatih` (`idPelatih`, `idCabangOlahraga`, `idJenisOlahraga`, `idKecamatan`, `namaPelatih`, `tempatLahirPelatih`, `tglLahirPelatih`, `alamatPelatih`, `jenisKelaminPelatih`, `telpPelatih`, `fotoPelatih`, `orderPelatih`, `statusPelatih`) VALUES (4, 2, 3, 0, 'Masrani', 'Amuntai', '1964-02-01', 'xxx', 1, 'xxx', '', 2, 2);
INSERT INTO `tPelatih` (`idPelatih`, `idCabangOlahraga`, `idJenisOlahraga`, `idKecamatan`, `namaPelatih`, `tempatLahirPelatih`, `tglLahirPelatih`, `alamatPelatih`, `jenisKelaminPelatih`, `telpPelatih`, `fotoPelatih`, `orderPelatih`, `statusPelatih`) VALUES (5, 2, 3, 1, 'Yusi Arisandi', 'Amuntai', '1975-05-23', 'Jl. Belitung Darat Komp.Samadi Ilham No.88 Rt.017 Rw.002', 1, 'xxx', '', 3, 2);
INSERT INTO `tPelatih` (`idPelatih`, `idCabangOlahraga`, `idJenisOlahraga`, `idKecamatan`, `namaPelatih`, `tempatLahirPelatih`, `tglLahirPelatih`, `alamatPelatih`, `jenisKelaminPelatih`, `telpPelatih`, `fotoPelatih`, `orderPelatih`, `statusPelatih`) VALUES (6, 3, 2, 5, 'Djuhriannoor', 'Banjarmasin', '1972-11-30', 'Jl. Prona II Gg. Baru No.32B', 1, 'xxx', '', 1, 2);
INSERT INTO `tPelatih` (`idPelatih`, `idCabangOlahraga`, `idJenisOlahraga`, `idKecamatan`, `namaPelatih`, `tempatLahirPelatih`, `tglLahirPelatih`, `alamatPelatih`, `jenisKelaminPelatih`, `telpPelatih`, `fotoPelatih`, `orderPelatih`, `statusPelatih`) VALUES (7, 3, 2, 2, 'Alfiansyah, S.Pd', 'Banjarmasin', '1969-02-01', 'Jl. Alalak Selatan Gg. Intan', 1, 'xxx', '', 2, 2);
INSERT INTO `tPelatih` (`idPelatih`, `idCabangOlahraga`, `idJenisOlahraga`, `idKecamatan`, `namaPelatih`, `tempatLahirPelatih`, `tglLahirPelatih`, `alamatPelatih`, `jenisKelaminPelatih`, `telpPelatih`, `fotoPelatih`, `orderPelatih`, `statusPelatih`) VALUES (8, 3, 2, 3, 'Dian Syakhruddin', 'Banjarmasin', '1961-12-12', 'jl. Rawasari 23 Komp.Purnama blok F No.11 Rt.56 Rw.05', 1, 'xxx', '', 3, 2);
INSERT INTO `tPelatih` (`idPelatih`, `idCabangOlahraga`, `idJenisOlahraga`, `idKecamatan`, `namaPelatih`, `tempatLahirPelatih`, `tglLahirPelatih`, `alamatPelatih`, `jenisKelaminPelatih`, `telpPelatih`, `fotoPelatih`, `orderPelatih`, `statusPelatih`) VALUES (9, 3, 2, 0, 'Mukhlis Muchtar', 'xxx', '0000-00-00', 'xxx', 1, 'xxx', '', 4, 2);
INSERT INTO `tPelatih` (`idPelatih`, `idCabangOlahraga`, `idJenisOlahraga`, `idKecamatan`, `namaPelatih`, `tempatLahirPelatih`, `tglLahirPelatih`, `alamatPelatih`, `jenisKelaminPelatih`, `telpPelatih`, `fotoPelatih`, `orderPelatih`, `statusPelatih`) VALUES (10, 3, 2, 3, 'Rahmawati, S.Pd', 'xxx', '0000-00-00', 'Jl. Sutoyo S, gg. Agustus', 2, 'xxx', '', 5, 2);
INSERT INTO `tPelatih` (`idPelatih`, `idCabangOlahraga`, `idJenisOlahraga`, `idKecamatan`, `namaPelatih`, `tempatLahirPelatih`, `tglLahirPelatih`, `alamatPelatih`, `jenisKelaminPelatih`, `telpPelatih`, `fotoPelatih`, `orderPelatih`, `statusPelatih`) VALUES (11, 4, 2, 1, 'Majedi Jayain', 'Banjarmasin', '1985-08-08', 'Jl. Wildan Sari Telaga Biru\r\n\r\n', 1, 'xxx', '', 1, 2);
INSERT INTO `tPelatih` (`idPelatih`, `idCabangOlahraga`, `idJenisOlahraga`, `idKecamatan`, `namaPelatih`, `tempatLahirPelatih`, `tglLahirPelatih`, `alamatPelatih`, `jenisKelaminPelatih`, `telpPelatih`, `fotoPelatih`, `orderPelatih`, `statusPelatih`) VALUES (12, 4, 2, 4, 'Faridl Wajdi', 'Banjarmasin', '1988-07-10', 'Jl. Veteran Simpang Pangambangan 5', 1, 'xxx', '', 2, 2);
INSERT INTO `tPelatih` (`idPelatih`, `idCabangOlahraga`, `idJenisOlahraga`, `idKecamatan`, `namaPelatih`, `tempatLahirPelatih`, `tglLahirPelatih`, `alamatPelatih`, `jenisKelaminPelatih`, `telpPelatih`, `fotoPelatih`, `orderPelatih`, `statusPelatih`) VALUES (13, 5, 2, 4, 'Andreas Galiti SH', 'Pulang Pisau', '1968-07-30', 'Jl. A. Yani', 1, 'xxx', '', 1, 2);
INSERT INTO `tPelatih` (`idPelatih`, `idCabangOlahraga`, `idJenisOlahraga`, `idKecamatan`, `namaPelatih`, `tempatLahirPelatih`, `tglLahirPelatih`, `alamatPelatih`, `jenisKelaminPelatih`, `telpPelatih`, `fotoPelatih`, `orderPelatih`, `statusPelatih`) VALUES (14, 5, 2, 2, 'Novrizal M O', 'Banjarmasin', '1985-10-10', 'Jl. Sei Andai', 1, 'xxx', '', 2, 2);
INSERT INTO `tPelatih` (`idPelatih`, `idCabangOlahraga`, `idJenisOlahraga`, `idKecamatan`, `namaPelatih`, `tempatLahirPelatih`, `tglLahirPelatih`, `alamatPelatih`, `jenisKelaminPelatih`, `telpPelatih`, `fotoPelatih`, `orderPelatih`, `statusPelatih`) VALUES (15, 5, 2, 0, 'Hendra Aries K', 'Martapura', '1983-03-21', 'Jl. Komp. Griya Rt.04 Banjarbaru', 1, 'xxx', '', 3, 2);
INSERT INTO `tPelatih` (`idPelatih`, `idCabangOlahraga`, `idJenisOlahraga`, `idKecamatan`, `namaPelatih`, `tempatLahirPelatih`, `tglLahirPelatih`, `alamatPelatih`, `jenisKelaminPelatih`, `telpPelatih`, `fotoPelatih`, `orderPelatih`, `statusPelatih`) VALUES (16, 5, 2, 3, 'Zhuardi Mufti Ramadhan', 'Banjarmasin', '1986-05-16', 'Jl. Cendrawasih Gg. Lumud No.09 Rt.23 Banjarmasin', 1, 'xxx', '', 4, 2);
INSERT INTO `tPelatih` (`idPelatih`, `idCabangOlahraga`, `idJenisOlahraga`, `idKecamatan`, `namaPelatih`, `tempatLahirPelatih`, `tglLahirPelatih`, `alamatPelatih`, `jenisKelaminPelatih`, `telpPelatih`, `fotoPelatih`, `orderPelatih`, `statusPelatih`) VALUES (17, 6, 1, 2, 'Muslih, S.Pd', 'Wonosobo', '1969-06-18', 'Jl. HKSN Komp.AMD Permai Blok A 23 No.468 Banjarmasin', 1, 'xxx', '', 1, 2);
INSERT INTO `tPelatih` (`idPelatih`, `idCabangOlahraga`, `idJenisOlahraga`, `idKecamatan`, `namaPelatih`, `tempatLahirPelatih`, `tglLahirPelatih`, `alamatPelatih`, `jenisKelaminPelatih`, `telpPelatih`, `fotoPelatih`, `orderPelatih`, `statusPelatih`) VALUES (18, 6, 1, 2, 'Rusdiana', 'Surabaya', '1975-12-28', 'Jl. HKSN Komp.AMD Permai Blok A 23 No.468 Banjarmasin', 2, 'xxx', '', 2, 2);
INSERT INTO `tPelatih` (`idPelatih`, `idCabangOlahraga`, `idJenisOlahraga`, `idKecamatan`, `namaPelatih`, `tempatLahirPelatih`, `tglLahirPelatih`, `alamatPelatih`, `jenisKelaminPelatih`, `telpPelatih`, `fotoPelatih`, `orderPelatih`, `statusPelatih`) VALUES (19, 6, 1, 2, 'Putri Yunita Permata Kumala (Tradisional)', 'Banjarmasin', '1990-06-14', 'Jl. Perdagangan No.75 Banjarmasin', 2, 'xxx', '', 3, 2);
INSERT INTO `tPelatih` (`idPelatih`, `idCabangOlahraga`, `idJenisOlahraga`, `idKecamatan`, `namaPelatih`, `tempatLahirPelatih`, `tglLahirPelatih`, `alamatPelatih`, `jenisKelaminPelatih`, `telpPelatih`, `fotoPelatih`, `orderPelatih`, `statusPelatih`) VALUES (20, 6, 1, 5, 'Abdul Haris (Pelatih Hip Hop)', 'Banjarmasin', '1995-05-09', 'Jl. Kelayan A dalam Gg. 12 Banjarmasin', 1, 'xxx', '', 4, 2);
INSERT INTO `tPelatih` (`idPelatih`, `idCabangOlahraga`, `idJenisOlahraga`, `idKecamatan`, `namaPelatih`, `tempatLahirPelatih`, `tglLahirPelatih`, `alamatPelatih`, `jenisKelaminPelatih`, `telpPelatih`, `fotoPelatih`, `orderPelatih`, `statusPelatih`) VALUES (21, 6, 1, 1, 'Irnita Rosariasanti, SE, MM (Official)', 'Samarinda', '1974-06-23', 'Jl. Purnasakti Jalur No.32 Rt.30 Banjarmasin', 2, 'xxx', '', 5, 2);
INSERT INTO `tPelatih` (`idPelatih`, `idCabangOlahraga`, `idJenisOlahraga`, `idKecamatan`, `namaPelatih`, `tempatLahirPelatih`, `tglLahirPelatih`, `alamatPelatih`, `jenisKelaminPelatih`, `telpPelatih`, `fotoPelatih`, `orderPelatih`, `statusPelatih`) VALUES (22, 6, 1, 2, 'Mariatul Kiftiah (Official)', 'Kotabaru', '1976-05-05', 'Jl. Sungai Miai Dalam No.23 Rt.10', 2, 'xxx', '', 6, 2);
INSERT INTO `tPelatih` (`idPelatih`, `idCabangOlahraga`, `idJenisOlahraga`, `idKecamatan`, `namaPelatih`, `tempatLahirPelatih`, `tglLahirPelatih`, `alamatPelatih`, `jenisKelaminPelatih`, `telpPelatih`, `fotoPelatih`, `orderPelatih`, `statusPelatih`) VALUES (23, 7, 3, 4, 'F. Darmawan Budiman', 'Banjarmasin', '1962-10-28', 'Jl. Veteran No.35 Rt.011 Rw.002 Banjarmasin', 1, 'xxx', '', 1, 2);
INSERT INTO `tPelatih` (`idPelatih`, `idCabangOlahraga`, `idJenisOlahraga`, `idKecamatan`, `namaPelatih`, `tempatLahirPelatih`, `tglLahirPelatih`, `alamatPelatih`, `jenisKelaminPelatih`, `telpPelatih`, `fotoPelatih`, `orderPelatih`, `statusPelatih`) VALUES (24, 7, 3, 4, 'Supriyanto, SE, MM', 'Banyumas', '1976-06-24', 'Jl. Pramuka Melati Indah Gg.Sari Buah No.51 Banjarmasin', 1, 'xxx', '', 2, 2);
INSERT INTO `tPelatih` (`idPelatih`, `idCabangOlahraga`, `idJenisOlahraga`, `idKecamatan`, `namaPelatih`, `tempatLahirPelatih`, `tglLahirPelatih`, `alamatPelatih`, `jenisKelaminPelatih`, `telpPelatih`, `fotoPelatih`, `orderPelatih`, `statusPelatih`) VALUES (25, 7, 3, 0, 'Sudirno, SH', 'Banyumas', '1979-12-15', 'Jl. Martapura Lama Km.8.300 Komp. Madya Jaya Raya Blok D No.21 Rt.13 Kel.Sungai Tabuk Kab. Banjar', 1, 'xxx', '', 3, 2);
INSERT INTO `tPelatih` (`idPelatih`, `idCabangOlahraga`, `idJenisOlahraga`, `idKecamatan`, `namaPelatih`, `tempatLahirPelatih`, `tglLahirPelatih`, `alamatPelatih`, `jenisKelaminPelatih`, `telpPelatih`, `fotoPelatih`, `orderPelatih`, `statusPelatih`) VALUES (26, 8, 1, 2, 'H. Noor Fathulliansyah, SE, MM', 'Sampit', '1973-07-25', 'Jl. Sultan Adam Komp. Bumi Lestari Hijau No.4 Rt.36 Banjarmasin', 1, 'xxx', '', 1, 2);
INSERT INTO `tPelatih` (`idPelatih`, `idCabangOlahraga`, `idJenisOlahraga`, `idKecamatan`, `namaPelatih`, `tempatLahirPelatih`, `tglLahirPelatih`, `alamatPelatih`, `jenisKelaminPelatih`, `telpPelatih`, `fotoPelatih`, `orderPelatih`, `statusPelatih`) VALUES (27, 8, 1, 5, 'Andi Rizqi Indrawan', 'Muara Teweh', '1987-03-02', 'Jl. Thamrin Komp. Beruntung Jaya No.26 Rt.042 Rw.004 Banjarmasin', 1, 'xxx', '', 2, 2);
INSERT INTO `tPelatih` (`idPelatih`, `idCabangOlahraga`, `idJenisOlahraga`, `idKecamatan`, `namaPelatih`, `tempatLahirPelatih`, `tglLahirPelatih`, `alamatPelatih`, `jenisKelaminPelatih`, `telpPelatih`, `fotoPelatih`, `orderPelatih`, `statusPelatih`) VALUES (28, 8, 1, 2, 'Rashidi Senen', 'Banjarmasin', '1976-06-03', 'Jl. Simpang Gusti No.86 Rt.034 Rw.003 Banjarmasin', 1, 'xxx', '', 3, 2);
INSERT INTO `tPelatih` (`idPelatih`, `idCabangOlahraga`, `idJenisOlahraga`, `idKecamatan`, `namaPelatih`, `tempatLahirPelatih`, `tglLahirPelatih`, `alamatPelatih`, `jenisKelaminPelatih`, `telpPelatih`, `fotoPelatih`, `orderPelatih`, `statusPelatih`) VALUES (29, 8, 1, 2, 'Syamsul Ma\'arif', 'Banjarmasin', '1973-06-07', 'Jl. HKSN Komp. Dasa Maya Blok A Rt.16 Rw.000 Alalak Selatan', 1, 'xxx', '', 4, 2);
INSERT INTO `tPelatih` (`idPelatih`, `idCabangOlahraga`, `idJenisOlahraga`, `idKecamatan`, `namaPelatih`, `tempatLahirPelatih`, `tglLahirPelatih`, `alamatPelatih`, `jenisKelaminPelatih`, `telpPelatih`, `fotoPelatih`, `orderPelatih`, `statusPelatih`) VALUES (30, 9, 2, 5, 'Mahliani, S.Pd', 'HSU', '1970-04-07', 'Jl. ,Nakula 3 No.14 Rt.25 Komp.Bumi Pemurus Permai, Banjarmasin', 2, 'xxx', '', 1, 2);
INSERT INTO `tPelatih` (`idPelatih`, `idCabangOlahraga`, `idJenisOlahraga`, `idKecamatan`, `namaPelatih`, `tempatLahirPelatih`, `tglLahirPelatih`, `alamatPelatih`, `jenisKelaminPelatih`, `telpPelatih`, `fotoPelatih`, `orderPelatih`, `statusPelatih`) VALUES (31, 9, 2, 4, 'Aris Eko Hariyati, S.Pd', 'Banjarmasin', '1969-04-04', 'Jl. Keramat 3 Rt.16 No.19 Rw.01', 2, 'xxx', '', 2, 2);
INSERT INTO `tPelatih` (`idPelatih`, `idCabangOlahraga`, `idJenisOlahraga`, `idKecamatan`, `namaPelatih`, `tempatLahirPelatih`, `tglLahirPelatih`, `alamatPelatih`, `jenisKelaminPelatih`, `telpPelatih`, `fotoPelatih`, `orderPelatih`, `statusPelatih`) VALUES (32, 9, 2, 2, 'Faisal Luthfi', 'Banjarmasin', '1989-03-10', 'Jl. Padat Karya Komp.Purnama Permai Jalur 7/120 Banjarmasin', 1, 'xxx', '', 3, 2);
INSERT INTO `tPelatih` (`idPelatih`, `idCabangOlahraga`, `idJenisOlahraga`, `idKecamatan`, `namaPelatih`, `tempatLahirPelatih`, `tglLahirPelatih`, `alamatPelatih`, `jenisKelaminPelatih`, `telpPelatih`, `fotoPelatih`, `orderPelatih`, `statusPelatih`) VALUES (33, 9, 2, 5, 'Abu Bakar', 'Banjarmasin', '1986-02-12', 'Jl. Kelayan Besar 1 No.04 Rt.02 Banjarmasin', 1, 'xxx', '', 4, 2);
INSERT INTO `tPelatih` (`idPelatih`, `idCabangOlahraga`, `idJenisOlahraga`, `idKecamatan`, `namaPelatih`, `tempatLahirPelatih`, `tglLahirPelatih`, `alamatPelatih`, `jenisKelaminPelatih`, `telpPelatih`, `fotoPelatih`, `orderPelatih`, `statusPelatih`) VALUES (34, 9, 2, 4, 'Muhammad Dwi Suwastika Brawijaya', 'Banjarmasin', '1992-09-20', 'Jl. Pekapuran Raya Gg.Gambir No.58 Rt.10', 1, 'xxx', '', 5, 2);
INSERT INTO `tPelatih` (`idPelatih`, `idCabangOlahraga`, `idJenisOlahraga`, `idKecamatan`, `namaPelatih`, `tempatLahirPelatih`, `tglLahirPelatih`, `alamatPelatih`, `jenisKelaminPelatih`, `telpPelatih`, `fotoPelatih`, `orderPelatih`, `statusPelatih`) VALUES (35, 10, 1, 0, 'Supratikno', 'Pagatan', '1967-02-08', 'Komp.Yasmin Residen', 1, 'xxx', '', 1, 2);
INSERT INTO `tPelatih` (`idPelatih`, `idCabangOlahraga`, `idJenisOlahraga`, `idKecamatan`, `namaPelatih`, `tempatLahirPelatih`, `tglLahirPelatih`, `alamatPelatih`, `jenisKelaminPelatih`, `telpPelatih`, `fotoPelatih`, `orderPelatih`, `statusPelatih`) VALUES (36, 10, 3, 0, 'Lailatun Munawarah', 'xxx', '0000-00-00', 'Komp.Persada Baru handil Bakti', 2, 'xxx', '', 2, 2);
INSERT INTO `tPelatih` (`idPelatih`, `idCabangOlahraga`, `idJenisOlahraga`, `idKecamatan`, `namaPelatih`, `tempatLahirPelatih`, `tglLahirPelatih`, `alamatPelatih`, `jenisKelaminPelatih`, `telpPelatih`, `fotoPelatih`, `orderPelatih`, `statusPelatih`) VALUES (37, 10, 3, 0, 'Sari  Nurhikmah', 'xxx', '0000-00-00', 'Komp.Persada Baru handil Bakti', 2, 'xxx', '', 3, 2);
INSERT INTO `tPelatih` (`idPelatih`, `idCabangOlahraga`, `idJenisOlahraga`, `idKecamatan`, `namaPelatih`, `tempatLahirPelatih`, `tglLahirPelatih`, `alamatPelatih`, `jenisKelaminPelatih`, `telpPelatih`, `fotoPelatih`, `orderPelatih`, `statusPelatih`) VALUES (38, 10, 3, 0, 'Hadrianur', 'xxx', '0000-00-00', 'Gria Permata Handil Bakti', 1, 'xxx', '', 4, 2);
INSERT INTO `tPelatih` (`idPelatih`, `idCabangOlahraga`, `idJenisOlahraga`, `idKecamatan`, `namaPelatih`, `tempatLahirPelatih`, `tglLahirPelatih`, `alamatPelatih`, `jenisKelaminPelatih`, `telpPelatih`, `fotoPelatih`, `orderPelatih`, `statusPelatih`) VALUES (39, 10, 3, 4, 'Syahdan', 'xxx', '0000-00-00', 'Jl. Mandastana Gatot Subroto', 1, 'xxx', '', 5, 2);
INSERT INTO `tPelatih` (`idPelatih`, `idCabangOlahraga`, `idJenisOlahraga`, `idKecamatan`, `namaPelatih`, `tempatLahirPelatih`, `tglLahirPelatih`, `alamatPelatih`, `jenisKelaminPelatih`, `telpPelatih`, `fotoPelatih`, `orderPelatih`, `statusPelatih`) VALUES (40, 12, 2, 2, 'M. Firdaus', 'Banjarmasin', '1989-10-02', 'Jl. Kuin Utara Rt.6 Rw.01', 1, 'xxx', '', 1, 2);
INSERT INTO `tPelatih` (`idPelatih`, `idCabangOlahraga`, `idJenisOlahraga`, `idKecamatan`, `namaPelatih`, `tempatLahirPelatih`, `tglLahirPelatih`, `alamatPelatih`, `jenisKelaminPelatih`, `telpPelatih`, `fotoPelatih`, `orderPelatih`, `statusPelatih`) VALUES (41, 12, 2, 0, 'Haristian', 'Banjarmasin', '1989-08-23', 'Jl. Taman Citra Raya No.34 Rt.20 Rw.4', 1, 'xxx', '', 2, 2);
COMMIT;

-- ----------------------------
-- Table structure for tPengurus
-- ----------------------------
DROP TABLE IF EXISTS `tPengurus`;
CREATE TABLE `tPengurus` (
  `idPengurus` int(11) unsigned NOT NULL AUTO_INCREMENT,
  `namaPengurus` varchar(200) NOT NULL DEFAULT '',
  `alamatPengurus` varchar(100) NOT NULL DEFAULT '',
  `idKecamatan` int(11) NOT NULL,
  `kategori` varchar(100) NOT NULL DEFAULT '',
  `tingkat` varchar(100) NOT NULL DEFAULT '',
  `orderPengurus` int(11) NOT NULL,
  `statusPengurus` tinyint(4) NOT NULL,
  PRIMARY KEY (`idPengurus`)
) ENGINE=InnoDB AUTO_INCREMENT=3 DEFAULT CHARSET=latin1;

-- ----------------------------
-- Records of tPengurus
-- ----------------------------
BEGIN;
INSERT INTO `tPengurus` (`idPengurus`, `namaPengurus`, `alamatPengurus`, `idKecamatan`, `kategori`, `tingkat`, `orderPengurus`, `statusPengurus`) VALUES (1, 'Burhanuddin', 'Jalan Griya', 1, 'kategori 1', 'tingkat 1', 1, 2);
INSERT INTO `tPengurus` (`idPengurus`, `namaPengurus`, `alamatPengurus`, `idKecamatan`, `kategori`, `tingkat`, `orderPengurus`, `statusPengurus`) VALUES (2, 'Acil Imay', 'Plaza Futsal', 1, 'Kategori 2', 'Tingkat 2', 2, 2);
COMMIT;

-- ----------------------------
-- Table structure for tRole
-- ----------------------------
DROP TABLE IF EXISTS `tRole`;
CREATE TABLE `tRole` (
  `idRole` tinyint(2) NOT NULL,
  `namaRole` varchar(20) NOT NULL,
  `orderRole` tinyint(3) NOT NULL,
  `statusRole` tinyint(2) NOT NULL,
  PRIMARY KEY (`idRole`)
) ENGINE=InnoDB DEFAULT CHARSET=latin1;

-- ----------------------------
-- Records of tRole
-- ----------------------------
BEGIN;
INSERT INTO `tRole` (`idRole`, `namaRole`, `orderRole`, `statusRole`) VALUES (1, 'Administrator', 1, 2);
INSERT INTO `tRole` (`idRole`, `namaRole`, `orderRole`, `statusRole`) VALUES (2, 'User', 2, 2);
INSERT INTO `tRole` (`idRole`, `namaRole`, `orderRole`, `statusRole`) VALUES (3, 'Penerima', 3, 2);
COMMIT;

-- ----------------------------
-- Table structure for tSaranaPrasarana
-- ----------------------------
DROP TABLE IF EXISTS `tSaranaPrasarana`;
CREATE TABLE `tSaranaPrasarana` (
  `idSaranaPrasarana` int(11) unsigned NOT NULL AUTO_INCREMENT,
  `namaSaranaPrasarana` varchar(200) NOT NULL DEFAULT '',
  `alamatSaranaPrasarana` varchar(100) NOT NULL DEFAULT '',
  `idKecamatan` int(11) NOT NULL,
  `kondisi` varchar(100) NOT NULL DEFAULT '',
  `kepemilikan` varchar(100) NOT NULL DEFAULT '',
  `kategori` varchar(100) NOT NULL DEFAULT '',
  `kapasitas` double(11,0) NOT NULL,
  `orderSaranaPrasarana` int(11) NOT NULL,
  `statusSaranaPrasarana` tinyint(4) NOT NULL,
  PRIMARY KEY (`idSaranaPrasarana`)
) ENGINE=InnoDB AUTO_INCREMENT=3 DEFAULT CHARSET=latin1;

-- ----------------------------
-- Records of tSaranaPrasarana
-- ----------------------------
BEGIN;
INSERT INTO `tSaranaPrasarana` (`idSaranaPrasarana`, `namaSaranaPrasarana`, `alamatSaranaPrasarana`, `idKecamatan`, `kondisi`, `kepemilikan`, `kategori`, `kapasitas`, `orderSaranaPrasarana`, `statusSaranaPrasarana`) VALUES (1, 'Gedung Bulu Tangkis', 'Jl. Piere Tendean', 1, 'masih OK', 'pribadi', 'kategori1', 1000, 1, 2);
INSERT INTO `tSaranaPrasarana` (`idSaranaPrasarana`, `namaSaranaPrasarana`, `alamatSaranaPrasarana`, `idKecamatan`, `kondisi`, `kepemilikan`, `kategori`, `kapasitas`, `orderSaranaPrasarana`, `statusSaranaPrasarana`) VALUES (2, 'Kolam Renang', 'Jl. Perdagangan', 1, 'Setengah Ok', 'Pribadi', 'Kategori 4', 200, 2, 2);
COMMIT;

-- ----------------------------
-- Table structure for tUser
-- ----------------------------
DROP TABLE IF EXISTS `tUser`;
CREATE TABLE `tUser` (
  `idUser` int(11) unsigned NOT NULL AUTO_INCREMENT,
  `username` varchar(50) NOT NULL DEFAULT '',
  `password` char(40) DEFAULT '40bd001563085fc35165329ea1ff5c5ecbdbbeef',
  `lastLogin` datetime NOT NULL,
  `sessionId` char(64) NOT NULL DEFAULT '',
  `nama` varchar(100) NOT NULL DEFAULT '',
  `idRole` tinyint(2) NOT NULL,
  `idGroup` tinyint(2) NOT NULL,
  `idSubGroup` tinyint(2) NOT NULL,
  `idSKPD` int(3) NOT NULL,
  `defMenu` char(5) NOT NULL DEFAULT '',
  `statusUser` tinyint(2) NOT NULL,
  PRIMARY KEY (`idUser`)
) ENGINE=InnoDB AUTO_INCREMENT=7 DEFAULT CHARSET=latin1;

-- ----------------------------
-- Records of tUser
-- ----------------------------
BEGIN;
INSERT INTO `tUser` (`idUser`, `username`, `password`, `lastLogin`, `sessionId`, `nama`, `idRole`, `idGroup`, `idSubGroup`, `idSKPD`, `defMenu`, `statusUser`) VALUES (1, 'hafiz', '0c359dd6fd2e0e504de29cddc7480c6a53d099ba', '2021-08-11 12:08:51', '03632053c5fbd9800396b59a34345a63a63245ea38ba35b7881766b4b9e86987', 'Hafiz Ramadhani', 1, 0, 0, 0, '00001', 2);
INSERT INTO `tUser` (`idUser`, `username`, `password`, `lastLogin`, `sessionId`, `nama`, `idRole`, `idGroup`, `idSubGroup`, `idSKPD`, `defMenu`, `statusUser`) VALUES (5, 'Admindispora', '7c4a8d09ca3762af61e59520943dc26494f8941b', '2022-08-23 18:14:53', 'acc958b7fc9ee00384f7d5988a5bbee1bb76a11ee6443ca457e378ae9c768579', 'Admin Dispora', 2, 0, 0, 0, '00001', 2);
INSERT INTO `tUser` (`idUser`, `username`, `password`, `lastLogin`, `sessionId`, `nama`, `idRole`, `idGroup`, `idSubGroup`, `idSKPD`, `defMenu`, `statusUser`) VALUES (6, 'admin', '21232f297a57a5a743894a0e4a801fc3', '2021-10-08 10:58:00', 'cc6cd88bbeb0d853ac96a2aed4fef63b60bcaaa15915b7094d6e06f14779acb8', 'Admin Dispora', 2, 0, 0, 0, '00001', 2);
COMMIT;

-- ----------------------------
-- Table structure for tWasit
-- ----------------------------
DROP TABLE IF EXISTS `tWasit`;
CREATE TABLE `tWasit` (
  `idWasit` int(11) unsigned NOT NULL AUTO_INCREMENT,
  `idCabangOlahraga` int(11) NOT NULL,
  `idJenisOlahraga` int(11) NOT NULL,
  `idKecamatan` int(11) NOT NULL,
  `namaWasit` varchar(200) NOT NULL DEFAULT '',
  `tempatLahirWasit` varchar(100) NOT NULL DEFAULT '',
  `tglLahirWasit` date NOT NULL,
  `alamatWasit` varchar(200) NOT NULL DEFAULT '',
  `jenisKelaminWasit` tinyint(4) NOT NULL,
  `telpWasit` varchar(13) NOT NULL DEFAULT '',
  `fotoWasit` varchar(100) NOT NULL DEFAULT '',
  `orderWasit` int(11) NOT NULL,
  `statusWasit` int(11) NOT NULL,
  PRIMARY KEY (`idWasit`)
) ENGINE=InnoDB AUTO_INCREMENT=38 DEFAULT CHARSET=latin1;

-- ----------------------------
-- Records of tWasit
-- ----------------------------
BEGIN;
INSERT INTO `tWasit` (`idWasit`, `idCabangOlahraga`, `idJenisOlahraga`, `idKecamatan`, `namaWasit`, `tempatLahirWasit`, `tglLahirWasit`, `alamatWasit`, `jenisKelaminWasit`, `telpWasit`, `fotoWasit`, `orderWasit`, `statusWasit`) VALUES (1, 1, 1, 0, 'Julak Hadran', 'Banjarmasin', '0000-00-00', '', 1, '051123456', '', 1, 2);
INSERT INTO `tWasit` (`idWasit`, `idCabangOlahraga`, `idJenisOlahraga`, `idKecamatan`, `namaWasit`, `tempatLahirWasit`, `tglLahirWasit`, `alamatWasit`, `jenisKelaminWasit`, `telpWasit`, `fotoWasit`, `orderWasit`, `statusWasit`) VALUES (2, 1, 1, 1, 'Angah Ipat', 'Mtp', '2018-11-21', 'Sungai Sipai', 0, '432', '', 2, 2);
INSERT INTO `tWasit` (`idWasit`, `idCabangOlahraga`, `idJenisOlahraga`, `idKecamatan`, `namaWasit`, `tempatLahirWasit`, `tglLahirWasit`, `alamatWasit`, `jenisKelaminWasit`, `telpWasit`, `fotoWasit`, `orderWasit`, `statusWasit`) VALUES (3, 2, 3, 3, 'Abd. Said. S.PD', 'Barabai', '1963-10-25', 'Jl. Pembangunan II/Komp. ABRI Mulawarman Rt. 040 No.54', 1, 'xxx', '', 1, 2);
INSERT INTO `tWasit` (`idWasit`, `idCabangOlahraga`, `idJenisOlahraga`, `idKecamatan`, `namaWasit`, `tempatLahirWasit`, `tglLahirWasit`, `alamatWasit`, `jenisKelaminWasit`, `telpWasit`, `fotoWasit`, `orderWasit`, `statusWasit`) VALUES (4, 2, 3, 4, 'Ahmad Buhaira Assyarif. S.PD', 'Banjarmasin', '1994-06-07', 'Komp. Pesona MJ Perdana I Sungai Tabuk', 1, 'xxx', '', 2, 2);
INSERT INTO `tWasit` (`idWasit`, `idCabangOlahraga`, `idJenisOlahraga`, `idKecamatan`, `namaWasit`, `tempatLahirWasit`, `tglLahirWasit`, `alamatWasit`, `jenisKelaminWasit`, `telpWasit`, `fotoWasit`, `orderWasit`, `statusWasit`) VALUES (5, 2, 3, 4, 'Hana Syarwani, S.PD', 'Banjarmasin', '1970-07-25', 'Jl. Banua Anyar Gang Datu Tundan Bjm', 1, 'xxx', '', 3, 2);
INSERT INTO `tWasit` (`idWasit`, `idCabangOlahraga`, `idJenisOlahraga`, `idKecamatan`, `namaWasit`, `tempatLahirWasit`, `tglLahirWasit`, `alamatWasit`, `jenisKelaminWasit`, `telpWasit`, `fotoWasit`, `orderWasit`, `statusWasit`) VALUES (6, 2, 3, 5, 'Hendra Aris K', 'Martapura', '1984-03-21', 'Komp.Griya Indah I Blok A No.7 Guntung Paikat Banjarbaru', 1, 'xxx', '', 4, 2);
INSERT INTO `tWasit` (`idWasit`, `idCabangOlahraga`, `idJenisOlahraga`, `idKecamatan`, `namaWasit`, `tempatLahirWasit`, `tglLahirWasit`, `alamatWasit`, `jenisKelaminWasit`, `telpWasit`, `fotoWasit`, `orderWasit`, `statusWasit`) VALUES (7, 2, 3, 0, 'Rahmawati, S.PD', 'xxx', '0000-00-00', 'xxx', 2, 'xxx', '', 5, 2);
INSERT INTO `tWasit` (`idWasit`, `idCabangOlahraga`, `idJenisOlahraga`, `idKecamatan`, `namaWasit`, `tempatLahirWasit`, `tglLahirWasit`, `alamatWasit`, `jenisKelaminWasit`, `telpWasit`, `fotoWasit`, `orderWasit`, `statusWasit`) VALUES (8, 3, 2, 2, 'Alfiansyah, S.Pd', 'Banjarmasin', '1969-02-01', 'Jl. Alalak Selatan Gg.Intan', 1, 'xxx', '', 1, 2);
INSERT INTO `tWasit` (`idWasit`, `idCabangOlahraga`, `idJenisOlahraga`, `idKecamatan`, `namaWasit`, `tempatLahirWasit`, `tglLahirWasit`, `alamatWasit`, `jenisKelaminWasit`, `telpWasit`, `fotoWasit`, `orderWasit`, `statusWasit`) VALUES (9, 3, 2, 3, 'Dian Syakhruddin', 'Banjarmasin', '1961-12-12', 'jl. Rawasari 23 Komp.Purnama blok F No.11 Rt.56 Rw.05', 1, 'xxx', '', 2, 2);
INSERT INTO `tWasit` (`idWasit`, `idCabangOlahraga`, `idJenisOlahraga`, `idKecamatan`, `namaWasit`, `tempatLahirWasit`, `tglLahirWasit`, `alamatWasit`, `jenisKelaminWasit`, `telpWasit`, `fotoWasit`, `orderWasit`, `statusWasit`) VALUES (10, 3, 2, 3, 'Dian Syakhruddin', 'Banjarmasin', '1961-12-12', 'jl. Rawasari 23 Komp.Purnama blok F No.11 Rt.56 Rw.05', 1, 'xxx', '', 2, -2);
INSERT INTO `tWasit` (`idWasit`, `idCabangOlahraga`, `idJenisOlahraga`, `idKecamatan`, `namaWasit`, `tempatLahirWasit`, `tglLahirWasit`, `alamatWasit`, `jenisKelaminWasit`, `telpWasit`, `fotoWasit`, `orderWasit`, `statusWasit`) VALUES (11, 3, 2, 4, 'Selfi Annisa Fitri, S.Pd', 'Haruai', '1996-12-15', 'Jl. Veteran Gg.Muhajirin Rt.29 No.32', 2, 'xxx', '', 3, 2);
INSERT INTO `tWasit` (`idWasit`, `idCabangOlahraga`, `idJenisOlahraga`, `idKecamatan`, `namaWasit`, `tempatLahirWasit`, `tglLahirWasit`, `alamatWasit`, `jenisKelaminWasit`, `telpWasit`, `fotoWasit`, `orderWasit`, `statusWasit`) VALUES (12, 3, 2, 4, 'Madiare Wiper, S.Pd', 'Butong', '1962-10-10', 'Jl. Veteran Gg.Muhajirin Rt.29 No.32', 1, 'xxx', '', 4, 2);
INSERT INTO `tWasit` (`idWasit`, `idCabangOlahraga`, `idJenisOlahraga`, `idKecamatan`, `namaWasit`, `tempatLahirWasit`, `tglLahirWasit`, `alamatWasit`, `jenisKelaminWasit`, `telpWasit`, `fotoWasit`, `orderWasit`, `statusWasit`) VALUES (13, 3, 2, 4, 'Madiare Wiper, S.Pd', 'Butong', '1962-10-10', 'Jl. Veteran Gg.Muhajirin Rt.29 No.32', 1, 'xxx', '', 4, 2);
INSERT INTO `tWasit` (`idWasit`, `idCabangOlahraga`, `idJenisOlahraga`, `idKecamatan`, `namaWasit`, `tempatLahirWasit`, `tglLahirWasit`, `alamatWasit`, `jenisKelaminWasit`, `telpWasit`, `fotoWasit`, `orderWasit`, `statusWasit`) VALUES (14, 3, 2, 3, 'Muhammad Arsyad, S.Pd', 'Banjarmasin', '1993-10-24', 'Jl. Lambung Mangkurat Rt.38 No.97 Rw.01', 1, 'xxx', '', 5, 2);
INSERT INTO `tWasit` (`idWasit`, `idCabangOlahraga`, `idJenisOlahraga`, `idKecamatan`, `namaWasit`, `tempatLahirWasit`, `tglLahirWasit`, `alamatWasit`, `jenisKelaminWasit`, `telpWasit`, `fotoWasit`, `orderWasit`, `statusWasit`) VALUES (15, 3, 2, 2, 'Syarif Rahmat', 'Banjarmasin', '1995-11-28', 'Jl. Sei Miai Dalam Rt.07 No.34', 1, 'xxx', '', 6, 2);
INSERT INTO `tWasit` (`idWasit`, `idCabangOlahraga`, `idJenisOlahraga`, `idKecamatan`, `namaWasit`, `tempatLahirWasit`, `tglLahirWasit`, `alamatWasit`, `jenisKelaminWasit`, `telpWasit`, `fotoWasit`, `orderWasit`, `statusWasit`) VALUES (16, 3, 2, 2, 'Hasbullah', 'Berangas', '1991-05-21', 'Jl. Berangas Tengah Rt.05', 1, 'xxx', '', 7, 2);
INSERT INTO `tWasit` (`idWasit`, `idCabangOlahraga`, `idJenisOlahraga`, `idKecamatan`, `namaWasit`, `tempatLahirWasit`, `tglLahirWasit`, `alamatWasit`, `jenisKelaminWasit`, `telpWasit`, `fotoWasit`, `orderWasit`, `statusWasit`) VALUES (17, 3, 2, 0, 'Rudi Rahmadi', 'xxx', '0000-00-00', 'xxx', 1, 'xxx', '', 8, 2);
INSERT INTO `tWasit` (`idWasit`, `idCabangOlahraga`, `idJenisOlahraga`, `idKecamatan`, `namaWasit`, `tempatLahirWasit`, `tglLahirWasit`, `alamatWasit`, `jenisKelaminWasit`, `telpWasit`, `fotoWasit`, `orderWasit`, `statusWasit`) VALUES (18, 3, 2, 0, 'Supriyadi', 'xxx', '0000-00-00', 'xxx', 1, 'xxx', '', 9, 2);
INSERT INTO `tWasit` (`idWasit`, `idCabangOlahraga`, `idJenisOlahraga`, `idKecamatan`, `namaWasit`, `tempatLahirWasit`, `tglLahirWasit`, `alamatWasit`, `jenisKelaminWasit`, `telpWasit`, `fotoWasit`, `orderWasit`, `statusWasit`) VALUES (19, 3, 2, 0, 'Wahyu Qamariah', 'xxx', '0000-00-00', 'xxx', 2, 'xxx', '', 10, 2);
INSERT INTO `tWasit` (`idWasit`, `idCabangOlahraga`, `idJenisOlahraga`, `idKecamatan`, `namaWasit`, `tempatLahirWasit`, `tglLahirWasit`, `alamatWasit`, `jenisKelaminWasit`, `telpWasit`, `fotoWasit`, `orderWasit`, `statusWasit`) VALUES (20, 5, 2, 3, 'Zhuardi Mufti Ramadhan', 'Banjarmasin', '1986-05-16', 'Jl. Cendrawasih Gg. Lumud No.09 Rt.23 Banjarmasin', 1, 'xxx', '', 1, 2);
INSERT INTO `tWasit` (`idWasit`, `idCabangOlahraga`, `idJenisOlahraga`, `idKecamatan`, `namaWasit`, `tempatLahirWasit`, `tglLahirWasit`, `alamatWasit`, `jenisKelaminWasit`, `telpWasit`, `fotoWasit`, `orderWasit`, `statusWasit`) VALUES (21, 5, 2, 3, 'Ichsan Ramadhan', 'Banjarmasin', '1987-05-14', 'Jl. Seberang Mesjid No.17 Rt.04 Banjarmasin', 1, 'xxx', '', 2, 2);
INSERT INTO `tWasit` (`idWasit`, `idCabangOlahraga`, `idJenisOlahraga`, `idKecamatan`, `namaWasit`, `tempatLahirWasit`, `tglLahirWasit`, `alamatWasit`, `jenisKelaminWasit`, `telpWasit`, `fotoWasit`, `orderWasit`, `statusWasit`) VALUES (22, 5, 2, 0, 'Muhammad Zainuddin', 'Sungai Loban', '1992-04-05', 'Jl.', 1, 'xxx', '', 3, 2);
INSERT INTO `tWasit` (`idWasit`, `idCabangOlahraga`, `idJenisOlahraga`, `idKecamatan`, `namaWasit`, `tempatLahirWasit`, `tglLahirWasit`, `alamatWasit`, `jenisKelaminWasit`, `telpWasit`, `fotoWasit`, `orderWasit`, `statusWasit`) VALUES (23, 5, 2, 0, 'Nur Laili Murdiana', 'Bontang', '1996-09-29', 'Jl.', 1, 'xxx', '', 4, 2);
INSERT INTO `tWasit` (`idWasit`, `idCabangOlahraga`, `idJenisOlahraga`, `idKecamatan`, `namaWasit`, `tempatLahirWasit`, `tglLahirWasit`, `alamatWasit`, `jenisKelaminWasit`, `telpWasit`, `fotoWasit`, `orderWasit`, `statusWasit`) VALUES (24, 6, 1, 2, 'Muslih', 'Wonosobo', '1969-06-18', 'Jl. HKSN Komp.AMD Permai Blok A 23 No.468 Banjarmasin', 1, 'xxx', '', 1, 2);
INSERT INTO `tWasit` (`idWasit`, `idCabangOlahraga`, `idJenisOlahraga`, `idKecamatan`, `namaWasit`, `tempatLahirWasit`, `tglLahirWasit`, `alamatWasit`, `jenisKelaminWasit`, `telpWasit`, `fotoWasit`, `orderWasit`, `statusWasit`) VALUES (25, 6, 1, 2, 'Muslih', 'Wonosobo', '1969-06-18', 'Jl. HKSN Komp.AMD Permai Blok A 23 No.468 Banjarmasin', 1, 'xxx', '', 1, -2);
INSERT INTO `tWasit` (`idWasit`, `idCabangOlahraga`, `idJenisOlahraga`, `idKecamatan`, `namaWasit`, `tempatLahirWasit`, `tglLahirWasit`, `alamatWasit`, `jenisKelaminWasit`, `telpWasit`, `fotoWasit`, `orderWasit`, `statusWasit`) VALUES (26, 6, 1, 2, 'Rusdiana', 'Surabaya', '1975-12-28', 'Jl. HKSN Komp.AMD Permai Blok A 23 No.468 Banjarmasin', 2, 'xxx', '', 2, 2);
INSERT INTO `tWasit` (`idWasit`, `idCabangOlahraga`, `idJenisOlahraga`, `idKecamatan`, `namaWasit`, `tempatLahirWasit`, `tglLahirWasit`, `alamatWasit`, `jenisKelaminWasit`, `telpWasit`, `fotoWasit`, `orderWasit`, `statusWasit`) VALUES (27, 6, 1, 2, 'Putri Yunita Permata Kumala ', 'Banjarmasin', '1990-06-14', 'Jl. Perdagangan No.75 Banjarmasin', 2, 'xxx', '', 3, 2);
INSERT INTO `tWasit` (`idWasit`, `idCabangOlahraga`, `idJenisOlahraga`, `idKecamatan`, `namaWasit`, `tempatLahirWasit`, `tglLahirWasit`, `alamatWasit`, `jenisKelaminWasit`, `telpWasit`, `fotoWasit`, `orderWasit`, `statusWasit`) VALUES (28, 6, 1, 5, 'Abdul Haris', 'Banjarmasin', '1995-05-09', 'Jl. Kelayan A dalam Gg. 12 Banjarmasin', 1, 'xxx', '', 4, 2);
INSERT INTO `tWasit` (`idWasit`, `idCabangOlahraga`, `idJenisOlahraga`, `idKecamatan`, `namaWasit`, `tempatLahirWasit`, `tglLahirWasit`, `alamatWasit`, `jenisKelaminWasit`, `telpWasit`, `fotoWasit`, `orderWasit`, `statusWasit`) VALUES (29, 9, 2, 4, 'Mursyidi Ansari', 'Banjarmasin', '1968-07-17', 'Jl.Keramat 3 Rt.16 no.19 Rw.01', 1, 'xxx', '', 1, 2);
INSERT INTO `tWasit` (`idWasit`, `idCabangOlahraga`, `idJenisOlahraga`, `idKecamatan`, `namaWasit`, `tempatLahirWasit`, `tglLahirWasit`, `alamatWasit`, `jenisKelaminWasit`, `telpWasit`, `fotoWasit`, `orderWasit`, `statusWasit`) VALUES (30, 10, 3, 2, 'Entriaty, S.Pd.', 'xxx', '0000-00-00', 'Jl.HKSN', 2, 'xxx', '', 1, 2);
INSERT INTO `tWasit` (`idWasit`, `idCabangOlahraga`, `idJenisOlahraga`, `idKecamatan`, `namaWasit`, `tempatLahirWasit`, `tglLahirWasit`, `alamatWasit`, `jenisKelaminWasit`, `telpWasit`, `fotoWasit`, `orderWasit`, `statusWasit`) VALUES (31, 10, 3, 2, 'Drs. Amiruddin', 'xxx', '0000-00-00', 'Jl. Sultan Adam Mandiri', 1, 'xxx', '', 2, 2);
INSERT INTO `tWasit` (`idWasit`, `idCabangOlahraga`, `idJenisOlahraga`, `idKecamatan`, `namaWasit`, `tempatLahirWasit`, `tglLahirWasit`, `alamatWasit`, `jenisKelaminWasit`, `telpWasit`, `fotoWasit`, `orderWasit`, `statusWasit`) VALUES (32, 10, 3, 3, 'Wisdina Kartini', 'xxx', '0000-00-00', 'Jl. Saka Permai', 2, 'xxx', '', 3, 2);
INSERT INTO `tWasit` (`idWasit`, `idCabangOlahraga`, `idJenisOlahraga`, `idKecamatan`, `namaWasit`, `tempatLahirWasit`, `tglLahirWasit`, `alamatWasit`, `jenisKelaminWasit`, `telpWasit`, `fotoWasit`, `orderWasit`, `statusWasit`) VALUES (33, 10, 3, 2, 'Siti Musya\"adah', 'xxx', '0000-00-00', 'jl. HKSN', 2, 'xxx', '', 4, 2);
INSERT INTO `tWasit` (`idWasit`, `idCabangOlahraga`, `idJenisOlahraga`, `idKecamatan`, `namaWasit`, `tempatLahirWasit`, `tglLahirWasit`, `alamatWasit`, `jenisKelaminWasit`, `telpWasit`, `fotoWasit`, `orderWasit`, `statusWasit`) VALUES (34, 10, 3, 2, 'Musliani', 'xxx', '0000-00-00', 'jl. Antasan Kecil Timur', 2, 'xxx', '', 5, 2);
INSERT INTO `tWasit` (`idWasit`, `idCabangOlahraga`, `idJenisOlahraga`, `idKecamatan`, `namaWasit`, `tempatLahirWasit`, `tglLahirWasit`, `alamatWasit`, `jenisKelaminWasit`, `telpWasit`, `fotoWasit`, `orderWasit`, `statusWasit`) VALUES (35, 12, 2, 2, 'Ahmad Ramadhani', 'Banjarmasin', '1986-06-02', 'Jl. Tembus Perumnas Rt.43 Rw.03 No.12', 1, 'xxx', '', 1, 2);
INSERT INTO `tWasit` (`idWasit`, `idCabangOlahraga`, `idJenisOlahraga`, `idKecamatan`, `namaWasit`, `tempatLahirWasit`, `tglLahirWasit`, `alamatWasit`, `jenisKelaminWasit`, `telpWasit`, `fotoWasit`, `orderWasit`, `statusWasit`) VALUES (36, 12, 2, 4, 'Fadhil Ihsan', 'Banjarmasin', '1989-08-25', 'Jl. A. Yani Km.1 Rt.01 Rw.01 No.6', 1, 'xxx', '', 2, 2);
INSERT INTO `tWasit` (`idWasit`, `idCabangOlahraga`, `idJenisOlahraga`, `idKecamatan`, `namaWasit`, `tempatLahirWasit`, `tglLahirWasit`, `alamatWasit`, `jenisKelaminWasit`, `telpWasit`, `fotoWasit`, `orderWasit`, `statusWasit`) VALUES (37, 12, 2, 3, 'Budhi Pangesta Gunara', 'Cirebon', '1987-02-09', 'Jl. Sutoyo S Komp.Wildan Rt.02 Rw.01 No.35', 1, 'xxx', '', 3, 2);
COMMIT;

SET FOREIGN_KEY_CHECKS = 1;
